warning_code,project_name,file_path,line_in_file
DPCT1049,myocyte,/home/parallels/Documents/oneAPI_project/oneAPI-DirectProgramming-training/myocyte/dpcpp/master.dp.cpp,59
DPCT1049,maxpool3d,/home/parallels/Documents/oneAPI_project/oneAPI-DirectProgramming-training/maxpool3d/dpcpp/main.dp.cpp,99
DPCT1049,sph,/home/parallels/Documents/oneAPI_project/oneAPI-DirectProgramming-training/sph/dpcpp/fluid.dp.cpp,500
DPCT1049,sph,/home/parallels/Documents/oneAPI_project/oneAPI-DirectProgramming-training/sph/dpcpp/fluid.dp.cpp,514
DPCT1049,sph,/home/parallels/Documents/oneAPI_project/oneAPI-DirectProgramming-training/sph/dpcpp/fluid.dp.cpp,528
DPCT1049,sph,/home/parallels/Documents/oneAPI_project/oneAPI-DirectProgramming-training/sph/dpcpp/fluid.dp.cpp,543
DPCT1049,inversek2j,/home/parallels/Documents/oneAPI_project/oneAPI-DirectProgramming-training/inversek2j/dpcpp/main.dp.cpp,284
DPCT1003,inversek2j,/home/parallels/Documents/oneAPI_project/oneAPI-DirectProgramming-training/inversek2j/dpcpp/main.dp.cpp,298
DPCT1000,inversek2j,/home/parallels/Documents/oneAPI_project/oneAPI-DirectProgramming-training/inversek2j/dpcpp/main.dp.cpp,303
DPCT1001,inversek2j,/home/parallels/Documents/oneAPI_project/oneAPI-DirectProgramming-training/inversek2j/dpcpp/main.dp.cpp,308
DPCT1008,bn,/home/parallels/Documents/oneAPI_project/oneAPI-DirectProgramming-training/bn/dpcpp/main.dp.cpp,91
DPCT1049,bn,/home/parallels/Documents/oneAPI_project/oneAPI-DirectProgramming-training/bn/dpcpp/main.dp.cpp,104
DPCT1008,bn,/home/parallels/Documents/oneAPI_project/oneAPI-DirectProgramming-training/bn/dpcpp/main.dp.cpp,123
DPCT1008,bn,/home/parallels/Documents/oneAPI_project/oneAPI-DirectProgramming-training/bn/dpcpp/main.dp.cpp,132
DPCT1008,bn,/home/parallels/Documents/oneAPI_project/oneAPI-DirectProgramming-training/bn/dpcpp/main.dp.cpp,154
DPCT1065,bn,/home/parallels/Documents/oneAPI_project/oneAPI-DirectProgramming-training/bn/dpcpp/kernels.dp.cpp,152
DPCT1065,bn,/home/parallels/Documents/oneAPI_project/oneAPI-DirectProgramming-training/bn/dpcpp/kernels.dp.cpp,178
DPCT1065,bn,/home/parallels/Documents/oneAPI_project/oneAPI-DirectProgramming-training/bn/dpcpp/kernels.dp.cpp,186
DPCT1065,bn,/home/parallels/Documents/oneAPI_project/oneAPI-DirectProgramming-training/bn/dpcpp/kernels.dp.cpp,206
DPCT1049,popcount,/home/parallels/Documents/oneAPI_project/oneAPI-DirectProgramming-training/popcount/dpcpp/main.dp.cpp,154
DPCT1049,popcount,/home/parallels/Documents/oneAPI_project/oneAPI-DirectProgramming-training/popcount/dpcpp/main.dp.cpp,171
DPCT1049,popcount,/home/parallels/Documents/oneAPI_project/oneAPI-DirectProgramming-training/popcount/dpcpp/main.dp.cpp,188
DPCT1049,popcount,/home/parallels/Documents/oneAPI_project/oneAPI-DirectProgramming-training/popcount/dpcpp/main.dp.cpp,205
DPCT1049,popcount,/home/parallels/Documents/oneAPI_project/oneAPI-DirectProgramming-training/popcount/dpcpp/main.dp.cpp,222
DPCT1065,axhelm,/home/parallels/Documents/oneAPI_project/oneAPI-DirectProgramming-training/axhelm/dpcpp/axhelmKernel.cpp.dp.cpp,47
DPCT1065,axhelm,/home/parallels/Documents/oneAPI_project/oneAPI-DirectProgramming-training/axhelm/dpcpp/axhelmKernel.cpp.dp.cpp,59
DPCT1065,axhelm,/home/parallels/Documents/oneAPI_project/oneAPI-DirectProgramming-training/axhelm/dpcpp/axhelmKernel.cpp.dp.cpp,76
DPCT1065,axhelm,/home/parallels/Documents/oneAPI_project/oneAPI-DirectProgramming-training/axhelm/dpcpp/axhelmKernel.cpp.dp.cpp,89
DPCT1065,axhelm,/home/parallels/Documents/oneAPI_project/oneAPI-DirectProgramming-training/axhelm/dpcpp/axhelmKernel.cpp.dp.cpp,154
DPCT1065,axhelm,/home/parallels/Documents/oneAPI_project/oneAPI-DirectProgramming-training/axhelm/dpcpp/axhelmKernel.cpp.dp.cpp,173
DPCT1065,axhelm,/home/parallels/Documents/oneAPI_project/oneAPI-DirectProgramming-training/axhelm/dpcpp/axhelmKernel.cpp.dp.cpp,205
DPCT1049,dslash,/home/parallels/Documents/oneAPI_project/oneAPI-DirectProgramming-training/dslash/dpcpp/kernels.dp.cpp,191
DPCT1065,knn,/home/parallels/Documents/oneAPI_project/oneAPI-DirectProgramming-training/knn/dpcpp/main.dp.cpp,86
DPCT1065,knn,/home/parallels/Documents/oneAPI_project/oneAPI-DirectProgramming-training/knn/dpcpp/main.dp.cpp,104
DPCT1049,knn,/home/parallels/Documents/oneAPI_project/oneAPI-DirectProgramming-training/knn/dpcpp/main.dp.cpp,284
DPCT1049,knn,/home/parallels/Documents/oneAPI_project/oneAPI-DirectProgramming-training/knn/dpcpp/main.dp.cpp,340
DPCT1049,knn,/home/parallels/Documents/oneAPI_project/oneAPI-DirectProgramming-training/knn/dpcpp/main.dp.cpp,367
DPCT1065,minimod,/home/parallels/Documents/oneAPI_project/oneAPI-DirectProgramming-training/minimod/dpcpp/minimig.dp.cpp,55
DPCT1065,minimod,/home/parallels/Documents/oneAPI_project/oneAPI-DirectProgramming-training/minimod/dpcpp/minimig.dp.cpp,144
DPCT1049,minimod,/home/parallels/Documents/oneAPI_project/oneAPI-DirectProgramming-training/minimod/dpcpp/minimig.dp.cpp,300
DPCT1049,minimod,/home/parallels/Documents/oneAPI_project/oneAPI-DirectProgramming-training/minimod/dpcpp/minimig.dp.cpp,349
DPCT1049,minimod,/home/parallels/Documents/oneAPI_project/oneAPI-DirectProgramming-training/minimod/dpcpp/minimig.dp.cpp,398
DPCT1049,minimod,/home/parallels/Documents/oneAPI_project/oneAPI-DirectProgramming-training/minimod/dpcpp/minimig.dp.cpp,447
DPCT1049,minimod,/home/parallels/Documents/oneAPI_project/oneAPI-DirectProgramming-training/minimod/dpcpp/minimig.dp.cpp,496
DPCT1049,minimod,/home/parallels/Documents/oneAPI_project/oneAPI-DirectProgramming-training/minimod/dpcpp/minimig.dp.cpp,545
DPCT1049,minimod,/home/parallels/Documents/oneAPI_project/oneAPI-DirectProgramming-training/minimod/dpcpp/minimig.dp.cpp,594
DPCT1065,minimod,/home/parallels/Documents/oneAPI_project/oneAPI-DirectProgramming-training/minimod/dpcpp/find_min_max.dp.cpp,24
DPCT1065,minimod,/home/parallels/Documents/oneAPI_project/oneAPI-DirectProgramming-training/minimod/dpcpp/find_min_max.dp.cpp,45
DPCT1065,sosfil,/home/parallels/Documents/oneAPI_project/oneAPI-DirectProgramming-training/sosfil/dpcpp/main.dp.cpp,67
DPCT1065,sosfil,/home/parallels/Documents/oneAPI_project/oneAPI-DirectProgramming-training/sosfil/dpcpp/main.dp.cpp,99
DPCT1065,sosfil,/home/parallels/Documents/oneAPI_project/oneAPI-DirectProgramming-training/sosfil/dpcpp/main.dp.cpp,129
DPCT1065,sosfil,/home/parallels/Documents/oneAPI_project/oneAPI-DirectProgramming-training/sosfil/dpcpp/main.dp.cpp,156
DPCT1049,sosfil,/home/parallels/Documents/oneAPI_project/oneAPI-DirectProgramming-training/sosfil/dpcpp/main.dp.cpp,223
DPCT1065,radixsort,/home/parallels/Documents/oneAPI_project/oneAPI-DirectProgramming-training/radixsort/dpcpp/Scan_kernels.dp.cpp,52
DPCT1065,radixsort,/home/parallels/Documents/oneAPI_project/oneAPI-DirectProgramming-training/radixsort/dpcpp/Scan_kernels.dp.cpp,59
DPCT1065,radixsort,/home/parallels/Documents/oneAPI_project/oneAPI-DirectProgramming-training/radixsort/dpcpp/Scan_kernels.dp.cpp,246
DPCT1049,radixsort,/home/parallels/Documents/oneAPI_project/oneAPI-DirectProgramming-training/radixsort/dpcpp/RadixSort.dp.cpp,36
DPCT1049,radixsort,/home/parallels/Documents/oneAPI_project/oneAPI-DirectProgramming-training/radixsort/dpcpp/RadixSort.dp.cpp,70
DPCT1049,radixsort,/home/parallels/Documents/oneAPI_project/oneAPI-DirectProgramming-training/radixsort/dpcpp/RadixSort.dp.cpp,105
DPCT1065,radixsort,/home/parallels/Documents/oneAPI_project/oneAPI-DirectProgramming-training/radixsort/dpcpp/RadixSort_kernels.dp.cpp,61
DPCT1065,radixsort,/home/parallels/Documents/oneAPI_project/oneAPI-DirectProgramming-training/radixsort/dpcpp/RadixSort_kernels.dp.cpp,72
DPCT1065,radixsort,/home/parallels/Documents/oneAPI_project/oneAPI-DirectProgramming-training/radixsort/dpcpp/RadixSort_kernels.dp.cpp,82
DPCT1065,radixsort,/home/parallels/Documents/oneAPI_project/oneAPI-DirectProgramming-training/radixsort/dpcpp/RadixSort_kernels.dp.cpp,111
DPCT1065,radixsort,/home/parallels/Documents/oneAPI_project/oneAPI-DirectProgramming-training/radixsort/dpcpp/RadixSort_kernels.dp.cpp,145
DPCT1065,radixsort,/home/parallels/Documents/oneAPI_project/oneAPI-DirectProgramming-training/radixsort/dpcpp/RadixSort_kernels.dp.cpp,173
DPCT1065,radixsort,/home/parallels/Documents/oneAPI_project/oneAPI-DirectProgramming-training/radixsort/dpcpp/RadixSort_kernels.dp.cpp,186
DPCT1065,radixsort,/home/parallels/Documents/oneAPI_project/oneAPI-DirectProgramming-training/radixsort/dpcpp/RadixSort_kernels.dp.cpp,247
DPCT1065,radixsort,/home/parallels/Documents/oneAPI_project/oneAPI-DirectProgramming-training/radixsort/dpcpp/RadixSort_kernels.dp.cpp,262
DPCT1065,radixsort,/home/parallels/Documents/oneAPI_project/oneAPI-DirectProgramming-training/radixsort/dpcpp/RadixSort_kernels.dp.cpp,273
DPCT1065,radixsort,/home/parallels/Documents/oneAPI_project/oneAPI-DirectProgramming-training/radixsort/dpcpp/RadixSort_kernels.dp.cpp,297
DPCT1065,radixsort,/home/parallels/Documents/oneAPI_project/oneAPI-DirectProgramming-training/radixsort/dpcpp/RadixSort_kernels.dp.cpp,366
DPCT1049,radixsort,/home/parallels/Documents/oneAPI_project/oneAPI-DirectProgramming-training/radixsort/dpcpp/Scan.dp.cpp,29
DPCT1049,radixsort,/home/parallels/Documents/oneAPI_project/oneAPI-DirectProgramming-training/radixsort/dpcpp/Scan.dp.cpp,60
DPCT1049,radixsort,/home/parallels/Documents/oneAPI_project/oneAPI-DirectProgramming-training/radixsort/dpcpp/Scan.dp.cpp,86
DPCT1039,gd,/home/parallels/Documents/oneAPI_project/oneAPI-DirectProgramming-training/gd/dpcpp/main.dp.cpp,17
DPCT1039,gd,/home/parallels/Documents/oneAPI_project/oneAPI-DirectProgramming-training/gd/dpcpp/main.dp.cpp,51
DPCT1039,gd,/home/parallels/Documents/oneAPI_project/oneAPI-DirectProgramming-training/gd/dpcpp/main.dp.cpp,62
DPCT1039,gd,/home/parallels/Documents/oneAPI_project/oneAPI-DirectProgramming-training/gd/dpcpp/main.dp.cpp,76
DPCT1049,gd,/home/parallels/Documents/oneAPI_project/oneAPI-DirectProgramming-training/gd/dpcpp/main.dp.cpp,180
DPCT1049,gd,/home/parallels/Documents/oneAPI_project/oneAPI-DirectProgramming-training/gd/dpcpp/main.dp.cpp,195
DPCT1049,gd,/home/parallels/Documents/oneAPI_project/oneAPI-DirectProgramming-training/gd/dpcpp/main.dp.cpp,220
DPCT1065,sobol,/home/parallels/Documents/oneAPI_project/oneAPI-DirectProgramming-training/sobol/dpcpp/sobol_gpu.dp.cpp,70
DPCT1049,sobol,/home/parallels/Documents/oneAPI_project/oneAPI-DirectProgramming-training/sobol/dpcpp/sobol_gpu.dp.cpp,197
DPCT1049,bsw,/home/parallels/Documents/oneAPI_project/oneAPI-DirectProgramming-training/bsw/dpcpp/driver.dp.cpp,201
DPCT1049,bsw,/home/parallels/Documents/oneAPI_project/oneAPI-DirectProgramming-training/bsw/dpcpp/driver.dp.cpp,282
DPCT1065,bsw,/home/parallels/Documents/oneAPI_project/oneAPI-DirectProgramming-training/bsw/dpcpp/kernel.dp.cpp,107
DPCT1065,bsw,/home/parallels/Documents/oneAPI_project/oneAPI-DirectProgramming-training/bsw/dpcpp/kernel.dp.cpp,119
DPCT1065,bsw,/home/parallels/Documents/oneAPI_project/oneAPI-DirectProgramming-training/bsw/dpcpp/kernel.dp.cpp,139
DPCT1065,bsw,/home/parallels/Documents/oneAPI_project/oneAPI-DirectProgramming-training/bsw/dpcpp/kernel.dp.cpp,153
DPCT1065,bsw,/home/parallels/Documents/oneAPI_project/oneAPI-DirectProgramming-training/bsw/dpcpp/kernel.dp.cpp,175
DPCT1065,bsw,/home/parallels/Documents/oneAPI_project/oneAPI-DirectProgramming-training/bsw/dpcpp/kernel.dp.cpp,187
DPCT1065,bsw,/home/parallels/Documents/oneAPI_project/oneAPI-DirectProgramming-training/bsw/dpcpp/kernel.dp.cpp,207
DPCT1065,bsw,/home/parallels/Documents/oneAPI_project/oneAPI-DirectProgramming-training/bsw/dpcpp/kernel.dp.cpp,221
DPCT1065,bsw,/home/parallels/Documents/oneAPI_project/oneAPI-DirectProgramming-training/bsw/dpcpp/kernel.dp.cpp,330
DPCT1065,bsw,/home/parallels/Documents/oneAPI_project/oneAPI-DirectProgramming-training/bsw/dpcpp/kernel.dp.cpp,364
DPCT1065,bsw,/home/parallels/Documents/oneAPI_project/oneAPI-DirectProgramming-training/bsw/dpcpp/kernel.dp.cpp,410
DPCT1065,bsw,/home/parallels/Documents/oneAPI_project/oneAPI-DirectProgramming-training/bsw/dpcpp/kernel.dp.cpp,477
DPCT1065,bsw,/home/parallels/Documents/oneAPI_project/oneAPI-DirectProgramming-training/bsw/dpcpp/kernel.dp.cpp,484
DPCT1065,bsw,/home/parallels/Documents/oneAPI_project/oneAPI-DirectProgramming-training/bsw/dpcpp/kernel.dp.cpp,597
DPCT1065,bsw,/home/parallels/Documents/oneAPI_project/oneAPI-DirectProgramming-training/bsw/dpcpp/kernel.dp.cpp,632
DPCT1065,bsw,/home/parallels/Documents/oneAPI_project/oneAPI-DirectProgramming-training/bsw/dpcpp/kernel.dp.cpp,676
DPCT1065,bsw,/home/parallels/Documents/oneAPI_project/oneAPI-DirectProgramming-training/bsw/dpcpp/kernel.dp.cpp,750
DPCT1065,bsw,/home/parallels/Documents/oneAPI_project/oneAPI-DirectProgramming-training/bsw/dpcpp/kernel.dp.cpp,757
DPCT1065,bsw,/home/parallels/Documents/oneAPI_project/oneAPI-DirectProgramming-training/bsw/dpcpp/kernel.dp.cpp,780
DPCT1065,gmm,/home/parallels/Documents/oneAPI_project/oneAPI-DirectProgramming-training/gmm/dpcpp/gaussian_kernel.dp.cpp,56
DPCT1065,gmm,/home/parallels/Documents/oneAPI_project/oneAPI-DirectProgramming-training/gmm/dpcpp/gaussian_kernel.dp.cpp,151
DPCT1065,gmm,/home/parallels/Documents/oneAPI_project/oneAPI-DirectProgramming-training/gmm/dpcpp/gaussian_kernel.dp.cpp,167
DPCT1065,gmm,/home/parallels/Documents/oneAPI_project/oneAPI-DirectProgramming-training/gmm/dpcpp/gaussian_kernel.dp.cpp,194
DPCT1065,gmm,/home/parallels/Documents/oneAPI_project/oneAPI-DirectProgramming-training/gmm/dpcpp/gaussian_kernel.dp.cpp,212
DPCT1065,gmm,/home/parallels/Documents/oneAPI_project/oneAPI-DirectProgramming-training/gmm/dpcpp/gaussian_kernel.dp.cpp,225
DPCT1065,gmm,/home/parallels/Documents/oneAPI_project/oneAPI-DirectProgramming-training/gmm/dpcpp/gaussian_kernel.dp.cpp,269
DPCT1065,gmm,/home/parallels/Documents/oneAPI_project/oneAPI-DirectProgramming-training/gmm/dpcpp/gaussian_kernel.dp.cpp,287
DPCT1065,gmm,/home/parallels/Documents/oneAPI_project/oneAPI-DirectProgramming-training/gmm/dpcpp/gaussian_kernel.dp.cpp,300
DPCT1065,gmm,/home/parallels/Documents/oneAPI_project/oneAPI-DirectProgramming-training/gmm/dpcpp/gaussian_kernel.dp.cpp,315
DPCT1065,gmm,/home/parallels/Documents/oneAPI_project/oneAPI-DirectProgramming-training/gmm/dpcpp/gaussian_kernel.dp.cpp,332
DPCT1065,gmm,/home/parallels/Documents/oneAPI_project/oneAPI-DirectProgramming-training/gmm/dpcpp/gaussian_kernel.dp.cpp,386
DPCT1065,gmm,/home/parallels/Documents/oneAPI_project/oneAPI-DirectProgramming-training/gmm/dpcpp/gaussian_kernel.dp.cpp,408
DPCT1065,gmm,/home/parallels/Documents/oneAPI_project/oneAPI-DirectProgramming-training/gmm/dpcpp/gaussian_kernel.dp.cpp,423
DPCT1065,gmm,/home/parallels/Documents/oneAPI_project/oneAPI-DirectProgramming-training/gmm/dpcpp/gaussian_kernel.dp.cpp,466
DPCT1065,gmm,/home/parallels/Documents/oneAPI_project/oneAPI-DirectProgramming-training/gmm/dpcpp/gaussian_kernel.dp.cpp,475
DPCT1065,gmm,/home/parallels/Documents/oneAPI_project/oneAPI-DirectProgramming-training/gmm/dpcpp/gaussian_kernel.dp.cpp,481
DPCT1065,gmm,/home/parallels/Documents/oneAPI_project/oneAPI-DirectProgramming-training/gmm/dpcpp/gaussian_kernel.dp.cpp,551
DPCT1065,gmm,/home/parallels/Documents/oneAPI_project/oneAPI-DirectProgramming-training/gmm/dpcpp/gaussian_kernel.dp.cpp,642
DPCT1065,gmm,/home/parallels/Documents/oneAPI_project/oneAPI-DirectProgramming-training/gmm/dpcpp/gaussian_kernel.dp.cpp,679
DPCT1065,gmm,/home/parallels/Documents/oneAPI_project/oneAPI-DirectProgramming-training/gmm/dpcpp/gaussian_kernel.dp.cpp,723
DPCT1065,gmm,/home/parallels/Documents/oneAPI_project/oneAPI-DirectProgramming-training/gmm/dpcpp/gaussian_kernel.dp.cpp,787
DPCT1065,gmm,/home/parallels/Documents/oneAPI_project/oneAPI-DirectProgramming-training/gmm/dpcpp/gaussian_kernel.dp.cpp,815
DPCT1065,gmm,/home/parallels/Documents/oneAPI_project/oneAPI-DirectProgramming-training/gmm/dpcpp/gaussian_kernel.dp.cpp,830
DPCT1065,gmm,/home/parallels/Documents/oneAPI_project/oneAPI-DirectProgramming-training/gmm/dpcpp/gaussian_kernel.dp.cpp,864
DPCT1065,gmm,/home/parallels/Documents/oneAPI_project/oneAPI-DirectProgramming-training/gmm/dpcpp/gaussian_kernel.dp.cpp,892
DPCT1065,gmm,/home/parallels/Documents/oneAPI_project/oneAPI-DirectProgramming-training/gmm/dpcpp/gaussian_kernel.dp.cpp,930
DPCT1065,gmm,/home/parallels/Documents/oneAPI_project/oneAPI-DirectProgramming-training/gmm/dpcpp/gaussian_kernel.dp.cpp,940
DPCT1003,gmm,/home/parallels/Documents/oneAPI_project/oneAPI-DirectProgramming-training/gmm/dpcpp/cluster.dp.cpp,262
DPCT1003,gmm,/home/parallels/Documents/oneAPI_project/oneAPI-DirectProgramming-training/gmm/dpcpp/cluster.dp.cpp,267
DPCT1003,gmm,/home/parallels/Documents/oneAPI_project/oneAPI-DirectProgramming-training/gmm/dpcpp/cluster.dp.cpp,272
DPCT1003,gmm,/home/parallels/Documents/oneAPI_project/oneAPI-DirectProgramming-training/gmm/dpcpp/cluster.dp.cpp,277
DPCT1003,gmm,/home/parallels/Documents/oneAPI_project/oneAPI-DirectProgramming-training/gmm/dpcpp/cluster.dp.cpp,282
DPCT1003,gmm,/home/parallels/Documents/oneAPI_project/oneAPI-DirectProgramming-training/gmm/dpcpp/cluster.dp.cpp,287
DPCT1003,gmm,/home/parallels/Documents/oneAPI_project/oneAPI-DirectProgramming-training/gmm/dpcpp/cluster.dp.cpp,292
DPCT1003,gmm,/home/parallels/Documents/oneAPI_project/oneAPI-DirectProgramming-training/gmm/dpcpp/cluster.dp.cpp,297
DPCT1003,gmm,/home/parallels/Documents/oneAPI_project/oneAPI-DirectProgramming-training/gmm/dpcpp/cluster.dp.cpp,327
DPCT1003,gmm,/home/parallels/Documents/oneAPI_project/oneAPI-DirectProgramming-training/gmm/dpcpp/cluster.dp.cpp,332
DPCT1003,gmm,/home/parallels/Documents/oneAPI_project/oneAPI-DirectProgramming-training/gmm/dpcpp/cluster.dp.cpp,337
DPCT1003,gmm,/home/parallels/Documents/oneAPI_project/oneAPI-DirectProgramming-training/gmm/dpcpp/cluster.dp.cpp,343
DPCT1003,gmm,/home/parallels/Documents/oneAPI_project/oneAPI-DirectProgramming-training/gmm/dpcpp/cluster.dp.cpp,349
DPCT1003,gmm,/home/parallels/Documents/oneAPI_project/oneAPI-DirectProgramming-training/gmm/dpcpp/cluster.dp.cpp,356
DPCT1003,gmm,/home/parallels/Documents/oneAPI_project/oneAPI-DirectProgramming-training/gmm/dpcpp/cluster.dp.cpp,365
DPCT1003,gmm,/home/parallels/Documents/oneAPI_project/oneAPI-DirectProgramming-training/gmm/dpcpp/cluster.dp.cpp,374
DPCT1003,gmm,/home/parallels/Documents/oneAPI_project/oneAPI-DirectProgramming-training/gmm/dpcpp/cluster.dp.cpp,386
DPCT1003,gmm,/home/parallels/Documents/oneAPI_project/oneAPI-DirectProgramming-training/gmm/dpcpp/cluster.dp.cpp,393
DPCT1003,gmm,/home/parallels/Documents/oneAPI_project/oneAPI-DirectProgramming-training/gmm/dpcpp/cluster.dp.cpp,413
DPCT1003,gmm,/home/parallels/Documents/oneAPI_project/oneAPI-DirectProgramming-training/gmm/dpcpp/cluster.dp.cpp,419
DPCT1003,gmm,/home/parallels/Documents/oneAPI_project/oneAPI-DirectProgramming-training/gmm/dpcpp/cluster.dp.cpp,425
DPCT1003,gmm,/home/parallels/Documents/oneAPI_project/oneAPI-DirectProgramming-training/gmm/dpcpp/cluster.dp.cpp,431
DPCT1003,gmm,/home/parallels/Documents/oneAPI_project/oneAPI-DirectProgramming-training/gmm/dpcpp/cluster.dp.cpp,439
DPCT1003,gmm,/home/parallels/Documents/oneAPI_project/oneAPI-DirectProgramming-training/gmm/dpcpp/cluster.dp.cpp,447
DPCT1003,gmm,/home/parallels/Documents/oneAPI_project/oneAPI-DirectProgramming-training/gmm/dpcpp/cluster.dp.cpp,456
DPCT1003,gmm,/home/parallels/Documents/oneAPI_project/oneAPI-DirectProgramming-training/gmm/dpcpp/cluster.dp.cpp,466
DPCT1003,gmm,/home/parallels/Documents/oneAPI_project/oneAPI-DirectProgramming-training/gmm/dpcpp/cluster.dp.cpp,487
DPCT1003,gmm,/home/parallels/Documents/oneAPI_project/oneAPI-DirectProgramming-training/gmm/dpcpp/cluster.dp.cpp,493
DPCT1003,gmm,/home/parallels/Documents/oneAPI_project/oneAPI-DirectProgramming-training/gmm/dpcpp/cluster.dp.cpp,499
DPCT1003,gmm,/home/parallels/Documents/oneAPI_project/oneAPI-DirectProgramming-training/gmm/dpcpp/cluster.dp.cpp,507
DPCT1003,gmm,/home/parallels/Documents/oneAPI_project/oneAPI-DirectProgramming-training/gmm/dpcpp/cluster.dp.cpp,515
DPCT1003,gmm,/home/parallels/Documents/oneAPI_project/oneAPI-DirectProgramming-training/gmm/dpcpp/cluster.dp.cpp,524
DPCT1003,gmm,/home/parallels/Documents/oneAPI_project/oneAPI-DirectProgramming-training/gmm/dpcpp/cluster.dp.cpp,534
DPCT1003,gmm,/home/parallels/Documents/oneAPI_project/oneAPI-DirectProgramming-training/gmm/dpcpp/cluster.dp.cpp,624
DPCT1003,gmm,/home/parallels/Documents/oneAPI_project/oneAPI-DirectProgramming-training/gmm/dpcpp/cluster.dp.cpp,630
DPCT1003,gmm,/home/parallels/Documents/oneAPI_project/oneAPI-DirectProgramming-training/gmm/dpcpp/cluster.dp.cpp,637
DPCT1003,gmm,/home/parallels/Documents/oneAPI_project/oneAPI-DirectProgramming-training/gmm/dpcpp/cluster.dp.cpp,644
DPCT1003,gmm,/home/parallels/Documents/oneAPI_project/oneAPI-DirectProgramming-training/gmm/dpcpp/cluster.dp.cpp,761
DPCT1003,gmm,/home/parallels/Documents/oneAPI_project/oneAPI-DirectProgramming-training/gmm/dpcpp/cluster.dp.cpp,818
DPCT1003,gmm,/home/parallels/Documents/oneAPI_project/oneAPI-DirectProgramming-training/gmm/dpcpp/cluster.dp.cpp,861
DPCT1049,gmm,/home/parallels/Documents/oneAPI_project/oneAPI-DirectProgramming-training/gmm/dpcpp/cluster.dp.cpp,873
DPCT1003,gmm,/home/parallels/Documents/oneAPI_project/oneAPI-DirectProgramming-training/gmm/dpcpp/cluster.dp.cpp,891
DPCT1003,gmm,/home/parallels/Documents/oneAPI_project/oneAPI-DirectProgramming-training/gmm/dpcpp/cluster.dp.cpp,914
DPCT1049,gmm,/home/parallels/Documents/oneAPI_project/oneAPI-DirectProgramming-training/gmm/dpcpp/cluster.dp.cpp,928
DPCT1003,gmm,/home/parallels/Documents/oneAPI_project/oneAPI-DirectProgramming-training/gmm/dpcpp/cluster.dp.cpp,959
DPCT1003,gmm,/home/parallels/Documents/oneAPI_project/oneAPI-DirectProgramming-training/gmm/dpcpp/cluster.dp.cpp,997
DPCT1003,gmm,/home/parallels/Documents/oneAPI_project/oneAPI-DirectProgramming-training/gmm/dpcpp/cluster.dp.cpp,1037
DPCT1003,gmm,/home/parallels/Documents/oneAPI_project/oneAPI-DirectProgramming-training/gmm/dpcpp/cluster.dp.cpp,1092
DPCT1003,gmm,/home/parallels/Documents/oneAPI_project/oneAPI-DirectProgramming-training/gmm/dpcpp/cluster.dp.cpp,1119
DPCT1003,gmm,/home/parallels/Documents/oneAPI_project/oneAPI-DirectProgramming-training/gmm/dpcpp/cluster.dp.cpp,1209
DPCT1003,gmm,/home/parallels/Documents/oneAPI_project/oneAPI-DirectProgramming-training/gmm/dpcpp/cluster.dp.cpp,1214
DPCT1003,gmm,/home/parallels/Documents/oneAPI_project/oneAPI-DirectProgramming-training/gmm/dpcpp/cluster.dp.cpp,1219
DPCT1003,gmm,/home/parallels/Documents/oneAPI_project/oneAPI-DirectProgramming-training/gmm/dpcpp/cluster.dp.cpp,1224
DPCT1049,extrema,/home/parallels/Documents/oneAPI_project/oneAPI-DirectProgramming-training/extrema/dpcpp/main.dp.cpp,234
DPCT1049,extrema,/home/parallels/Documents/oneAPI_project/oneAPI-DirectProgramming-training/extrema/dpcpp/main.dp.cpp,290
DPCT1049,laplace,/home/parallels/Documents/oneAPI_project/oneAPI-DirectProgramming-training/laplace/dpcpp/main.dp.cpp,317
DPCT1049,laplace,/home/parallels/Documents/oneAPI_project/oneAPI-DirectProgramming-training/laplace/dpcpp/main.dp.cpp,339
DPCT1049,nn,/home/parallels/Documents/oneAPI_project/oneAPI-DirectProgramming-training/nn/dpcpp/nearestNeighbor.dp.cpp,87
DPCT1049,minisweep,/home/parallels/Documents/oneAPI_project/oneAPI-DirectProgramming-training/minisweep/dpcpp/main.dp.cpp,306
DPCT1049,minisweep,/home/parallels/Documents/oneAPI_project/oneAPI-DirectProgramming-training/minisweep/dpcpp/main.dp.cpp,328
DPCT1049,minisweep,/home/parallels/Documents/oneAPI_project/oneAPI-DirectProgramming-training/minisweep/dpcpp/main.dp.cpp,349
DPCT1049,minisweep,/home/parallels/Documents/oneAPI_project/oneAPI-DirectProgramming-training/minisweep/dpcpp/main.dp.cpp,370
DPCT1039,minisweep,/home/parallels/Documents/oneAPI_project/oneAPI-DirectProgramming-training/minisweep/dpcpp/kernels.dp.cpp,342
DPCT1039,asta,/home/parallels/Documents/oneAPI_project/oneAPI-DirectProgramming-training/asta/dpcpp/main.dp.cpp,63
DPCT1065,asta,/home/parallels/Documents/oneAPI_project/oneAPI-DirectProgramming-training/asta/dpcpp/main.dp.cpp,70
DPCT1039,asta,/home/parallels/Documents/oneAPI_project/oneAPI-DirectProgramming-training/asta/dpcpp/main.dp.cpp,81
DPCT1065,asta,/home/parallels/Documents/oneAPI_project/oneAPI-DirectProgramming-training/asta/dpcpp/main.dp.cpp,89
DPCT1039,asta,/home/parallels/Documents/oneAPI_project/oneAPI-DirectProgramming-training/asta/dpcpp/main.dp.cpp,113
DPCT1065,asta,/home/parallels/Documents/oneAPI_project/oneAPI-DirectProgramming-training/asta/dpcpp/main.dp.cpp,122
DPCT1039,asta,/home/parallels/Documents/oneAPI_project/oneAPI-DirectProgramming-training/asta/dpcpp/main.dp.cpp,145
DPCT1065,asta,/home/parallels/Documents/oneAPI_project/oneAPI-DirectProgramming-training/asta/dpcpp/main.dp.cpp,153
DPCT1039,asta,/home/parallels/Documents/oneAPI_project/oneAPI-DirectProgramming-training/asta/dpcpp/main.dp.cpp,189
DPCT1065,asta,/home/parallels/Documents/oneAPI_project/oneAPI-DirectProgramming-training/asta/dpcpp/main.dp.cpp,196
DPCT1049,asta,/home/parallels/Documents/oneAPI_project/oneAPI-DirectProgramming-training/asta/dpcpp/main.dp.cpp,322
DPCT1010,keccaktreehash,/home/parallels/Documents/oneAPI_project/oneAPI-DirectProgramming-training/keccaktreehash/dpcpp/KeccakTreeGPU.dp.cpp,24
DPCT1049,gaussian,/home/parallels/Documents/oneAPI_project/oneAPI-DirectProgramming-training/gaussian/dpcpp/gaussianElim.dp.cpp,239
DPCT1049,gaussian,/home/parallels/Documents/oneAPI_project/oneAPI-DirectProgramming-training/gaussian/dpcpp/gaussianElim.dp.cpp,252
DPCT1049,black-scholes,/home/parallels/Documents/oneAPI_project/oneAPI-DirectProgramming-training/black-scholes/dpcpp/blackScholesAnalyticEngine.dp.cpp,255
DPCT1049,md,/home/parallels/Documents/oneAPI_project/oneAPI-DirectProgramming-training/md/dpcpp/MD.dp.cpp,215
DPCT1049,md,/home/parallels/Documents/oneAPI_project/oneAPI-DirectProgramming-training/md/dpcpp/MD.dp.cpp,243
DPCT1049,backprop,/home/parallels/Documents/oneAPI_project/oneAPI-DirectProgramming-training/backprop/dpcpp/main.dp.cpp,92
DPCT1049,backprop,/home/parallels/Documents/oneAPI_project/oneAPI-DirectProgramming-training/backprop/dpcpp/main.dp.cpp,145
DPCT1065,transpose,/home/parallels/Documents/oneAPI_project/oneAPI-DirectProgramming-training/transpose/dpcpp/main.dp.cpp,70
DPCT1065,transpose,/home/parallels/Documents/oneAPI_project/oneAPI-DirectProgramming-training/transpose/dpcpp/main.dp.cpp,91
DPCT1065,mdh,/home/parallels/Documents/oneAPI_project/oneAPI-DirectProgramming-training/mdh/dpcpp/main.dp.cpp,99
DPCT1065,mdh,/home/parallels/Documents/oneAPI_project/oneAPI-DirectProgramming-training/mdh/dpcpp/main.dp.cpp,129
DPCT1065,mdh,/home/parallels/Documents/oneAPI_project/oneAPI-DirectProgramming-training/mdh/dpcpp/main.dp.cpp,178
DPCT1065,mdh,/home/parallels/Documents/oneAPI_project/oneAPI-DirectProgramming-training/mdh/dpcpp/main.dp.cpp,207
DPCT1049,mdh,/home/parallels/Documents/oneAPI_project/oneAPI-DirectProgramming-training/mdh/dpcpp/main.dp.cpp,285
DPCT1049,mdh,/home/parallels/Documents/oneAPI_project/oneAPI-DirectProgramming-training/mdh/dpcpp/main.dp.cpp,304
DPCT1008,clock,/home/parallels/Documents/oneAPI_project/oneAPI-DirectProgramming-training/clock/dpcpp/main.dp.cpp,42
DPCT1065,clock,/home/parallels/Documents/oneAPI_project/oneAPI-DirectProgramming-training/clock/dpcpp/main.dp.cpp,57
DPCT1065,clock,/home/parallels/Documents/oneAPI_project/oneAPI-DirectProgramming-training/clock/dpcpp/main.dp.cpp,79
DPCT1008,clock,/home/parallels/Documents/oneAPI_project/oneAPI-DirectProgramming-training/clock/dpcpp/main.dp.cpp,86
DPCT1049,amgmk,/home/parallels/Documents/oneAPI_project/oneAPI-DirectProgramming-training/amgmk/dpcpp/main.dp.cpp,304
DPCT1049,present,/home/parallels/Documents/oneAPI_project/oneAPI-DirectProgramming-training/present/dpcpp/main.dp.cpp,560
DPCT1049,geodesic,/home/parallels/Documents/oneAPI_project/oneAPI-DirectProgramming-training/geodesic/dpcpp/main.dp.cpp,164
DPCT1065,bsearch,/home/parallels/Documents/oneAPI_project/oneAPI-DirectProgramming-training/bsearch/dpcpp/main.dp.cpp,89
DPCT1003,quicksort,/home/parallels/Documents/oneAPI_project/oneAPI-DirectProgramming-training/quicksort/dpcpp/main.dp.cpp,169
DPCT1003,quicksort,/home/parallels/Documents/oneAPI_project/oneAPI-DirectProgramming-training/quicksort/dpcpp/main.dp.cpp,176
DPCT1003,quicksort,/home/parallels/Documents/oneAPI_project/oneAPI-DirectProgramming-training/quicksort/dpcpp/main.dp.cpp,182
DPCT1003,quicksort,/home/parallels/Documents/oneAPI_project/oneAPI-DirectProgramming-training/quicksort/dpcpp/main.dp.cpp,189
DPCT1003,quicksort,/home/parallels/Documents/oneAPI_project/oneAPI-DirectProgramming-training/quicksort/dpcpp/main.dp.cpp,198
DPCT1003,quicksort,/home/parallels/Documents/oneAPI_project/oneAPI-DirectProgramming-training/quicksort/dpcpp/main.dp.cpp,207
DPCT1010,quicksort,/home/parallels/Documents/oneAPI_project/oneAPI-DirectProgramming-training/quicksort/dpcpp/main.dp.cpp,249
DPCT1003,quicksort,/home/parallels/Documents/oneAPI_project/oneAPI-DirectProgramming-training/quicksort/dpcpp/main.dp.cpp,255
DPCT1003,quicksort,/home/parallels/Documents/oneAPI_project/oneAPI-DirectProgramming-training/quicksort/dpcpp/main.dp.cpp,260
DPCT1003,quicksort,/home/parallels/Documents/oneAPI_project/oneAPI-DirectProgramming-training/quicksort/dpcpp/main.dp.cpp,269
DPCT1003,quicksort,/home/parallels/Documents/oneAPI_project/oneAPI-DirectProgramming-training/quicksort/dpcpp/main.dp.cpp,274
DPCT1003,quicksort,/home/parallels/Documents/oneAPI_project/oneAPI-DirectProgramming-training/quicksort/dpcpp/main.dp.cpp,279
DPCT1003,quicksort,/home/parallels/Documents/oneAPI_project/oneAPI-DirectProgramming-training/quicksort/dpcpp/main.dp.cpp,312
DPCT1003,quicksort,/home/parallels/Documents/oneAPI_project/oneAPI-DirectProgramming-training/quicksort/dpcpp/main.dp.cpp,319
DPCT1010,quicksort,/home/parallels/Documents/oneAPI_project/oneAPI-DirectProgramming-training/quicksort/dpcpp/main.dp.cpp,379
DPCT1003,quicksort,/home/parallels/Documents/oneAPI_project/oneAPI-DirectProgramming-training/quicksort/dpcpp/main.dp.cpp,385
DPCT1003,quicksort,/home/parallels/Documents/oneAPI_project/oneAPI-DirectProgramming-training/quicksort/dpcpp/main.dp.cpp,392
DPCT1008,ccsd-trpdrv,/home/parallels/Documents/oneAPI_project/oneAPI-DirectProgramming-training/ccsd-trpdrv/dpcpp/main.dp.cpp,140
DPCT1008,ccsd-trpdrv,/home/parallels/Documents/oneAPI_project/oneAPI-DirectProgramming-training/ccsd-trpdrv/dpcpp/main.dp.cpp,150
DPCT1039,ccsd-trpdrv,/home/parallels/Documents/oneAPI_project/oneAPI-DirectProgramming-training/ccsd-trpdrv/dpcpp/ccsd_tengy.dp.cpp,56
DPCT1039,ccsd-trpdrv,/home/parallels/Documents/oneAPI_project/oneAPI-DirectProgramming-training/ccsd-trpdrv/dpcpp/ccsd_tengy.dp.cpp,71
DPCT1039,ccsd-trpdrv,/home/parallels/Documents/oneAPI_project/oneAPI-DirectProgramming-training/ccsd-trpdrv/dpcpp/ccsd_tengy.dp.cpp,94
DPCT1039,ccsd-trpdrv,/home/parallels/Documents/oneAPI_project/oneAPI-DirectProgramming-training/ccsd-trpdrv/dpcpp/ccsd_tengy.dp.cpp,107
DPCT1049,heat,/home/parallels/Documents/oneAPI_project/oneAPI-DirectProgramming-training/heat/dpcpp/heat.dp.cpp,147
DPCT1049,heat,/home/parallels/Documents/oneAPI_project/oneAPI-DirectProgramming-training/heat/dpcpp/heat.dp.cpp,160
DPCT1003,heat,/home/parallels/Documents/oneAPI_project/oneAPI-DirectProgramming-training/heat/dpcpp/heat.dp.cpp,175
DPCT1000,heat,/home/parallels/Documents/oneAPI_project/oneAPI-DirectProgramming-training/heat/dpcpp/heat.dp.cpp,180
DPCT1001,heat,/home/parallels/Documents/oneAPI_project/oneAPI-DirectProgramming-training/heat/dpcpp/heat.dp.cpp,184
DPCT1049,heat,/home/parallels/Documents/oneAPI_project/oneAPI-DirectProgramming-training/heat/dpcpp/heat.dp.cpp,205
DPCT1003,heat,/home/parallels/Documents/oneAPI_project/oneAPI-DirectProgramming-training/heat/dpcpp/heat.dp.cpp,231
DPCT1000,heat,/home/parallels/Documents/oneAPI_project/oneAPI-DirectProgramming-training/heat/dpcpp/heat.dp.cpp,236
DPCT1001,heat,/home/parallels/Documents/oneAPI_project/oneAPI-DirectProgramming-training/heat/dpcpp/heat.dp.cpp,240
DPCT1065,pathfinder,/home/parallels/Documents/oneAPI_project/oneAPI-DirectProgramming-training/pathfinder/dpcpp/main.dp.cpp,97
DPCT1065,pathfinder,/home/parallels/Documents/oneAPI_project/oneAPI-DirectProgramming-training/pathfinder/dpcpp/main.dp.cpp,133
DPCT1065,pathfinder,/home/parallels/Documents/oneAPI_project/oneAPI-DirectProgramming-training/pathfinder/dpcpp/main.dp.cpp,152
DPCT1049,pathfinder,/home/parallels/Documents/oneAPI_project/oneAPI-DirectProgramming-training/pathfinder/dpcpp/main.dp.cpp,260
DPCT1049,rtm8,/home/parallels/Documents/oneAPI_project/oneAPI-DirectProgramming-training/rtm8/dpcpp/rtm8.dp.cpp,198
DPCT1049,mt,/home/parallels/Documents/oneAPI_project/oneAPI-DirectProgramming-training/mt/dpcpp/MT.dp.cpp,172
DPCT1049,mt,/home/parallels/Documents/oneAPI_project/oneAPI-DirectProgramming-training/mt/dpcpp/MT.dp.cpp,186
DPCT1065,scan,/home/parallels/Documents/oneAPI_project/oneAPI-DirectProgramming-training/scan/dpcpp/main.dp.cpp,22
DPCT1065,scan,/home/parallels/Documents/oneAPI_project/oneAPI-DirectProgramming-training/scan/dpcpp/main.dp.cpp,41
DPCT1049,dp,/home/parallels/Documents/oneAPI_project/oneAPI-DirectProgramming-training/dp/dpcpp/main.dp.cpp,84
DPCT1010,clenergy,/home/parallels/Documents/oneAPI_project/oneAPI-DirectProgramming-training/clenergy/dpcpp/clenergy.dp.cpp,19
DPCT1009,clenergy,/home/parallels/Documents/oneAPI_project/oneAPI-DirectProgramming-training/clenergy/dpcpp/clenergy.dp.cpp,23
DPCT1049,clenergy,/home/parallels/Documents/oneAPI_project/oneAPI-DirectProgramming-training/clenergy/dpcpp/clenergy.dp.cpp,262
DPCT1049,snake,/home/parallels/Documents/oneAPI_project/oneAPI-DirectProgramming-training/snake/dpcpp/main.dp.cpp,424
DPCT1065,lanczos,/home/parallels/Documents/oneAPI_project/oneAPI-DirectProgramming-training/lanczos/dpcpp/lanczos.dp.cpp,41
DPCT1065,lanczos,/home/parallels/Documents/oneAPI_project/oneAPI-DirectProgramming-training/lanczos/dpcpp/lanczos.dp.cpp,54
DPCT1049,page-rank,/home/parallels/Documents/oneAPI_project/oneAPI-DirectProgramming-training/page-rank/dpcpp/main.dp.cpp,236
DPCT1049,page-rank,/home/parallels/Documents/oneAPI_project/oneAPI-DirectProgramming-training/page-rank/dpcpp/main.dp.cpp,251
DPCT1049,atomicIntrinsics,/home/parallels/Documents/oneAPI_project/oneAPI-DirectProgramming-training/atomicIntrinsics/dpcpp/main.dp.cpp,154
DPCT1039,all-pairs-distance,/home/parallels/Documents/oneAPI_project/oneAPI-DirectProgramming-training/all-pairs-distance/dpcpp/main.dp.cpp,68
DPCT1065,all-pairs-distance,/home/parallels/Documents/oneAPI_project/oneAPI-DirectProgramming-training/all-pairs-distance/dpcpp/main.dp.cpp,101
DPCT1065,all-pairs-distance,/home/parallels/Documents/oneAPI_project/oneAPI-DirectProgramming-training/all-pairs-distance/dpcpp/main.dp.cpp,131
DPCT1049,all-pairs-distance,/home/parallels/Documents/oneAPI_project/oneAPI-DirectProgramming-training/all-pairs-distance/dpcpp/main.dp.cpp,236
DPCT1049,all-pairs-distance,/home/parallels/Documents/oneAPI_project/oneAPI-DirectProgramming-training/all-pairs-distance/dpcpp/main.dp.cpp,271
DPCT1003,memcpy,/home/parallels/Documents/oneAPI_project/oneAPI-DirectProgramming-training/memcpy/dpcpp/main.dp.cpp,41
DPCT1000,memcpy,/home/parallels/Documents/oneAPI_project/oneAPI-DirectProgramming-training/memcpy/dpcpp/main.dp.cpp,46
DPCT1001,memcpy,/home/parallels/Documents/oneAPI_project/oneAPI-DirectProgramming-training/memcpy/dpcpp/main.dp.cpp,50
DPCT1008,memcpy,/home/parallels/Documents/oneAPI_project/oneAPI-DirectProgramming-training/memcpy/dpcpp/main.dp.cpp,61
DPCT1008,memcpy,/home/parallels/Documents/oneAPI_project/oneAPI-DirectProgramming-training/memcpy/dpcpp/main.dp.cpp,71
DPCT1008,memcpy,/home/parallels/Documents/oneAPI_project/oneAPI-DirectProgramming-training/memcpy/dpcpp/main.dp.cpp,81
DPCT1008,memcpy,/home/parallels/Documents/oneAPI_project/oneAPI-DirectProgramming-training/memcpy/dpcpp/main.dp.cpp,91
DPCT1049,thomas,/home/parallels/Documents/oneAPI_project/oneAPI-DirectProgramming-training/thomas/dpcpp/main.dp.cpp,153
DPCT1049,deredundancy,/home/parallels/Documents/oneAPI_project/oneAPI-DirectProgramming-training/deredundancy/dpcpp/main.dp.cpp,48
DPCT1049,deredundancy,/home/parallels/Documents/oneAPI_project/oneAPI-DirectProgramming-training/deredundancy/dpcpp/main.dp.cpp,70
DPCT1049,deredundancy,/home/parallels/Documents/oneAPI_project/oneAPI-DirectProgramming-training/deredundancy/dpcpp/main.dp.cpp,108
DPCT1049,deredundancy,/home/parallels/Documents/oneAPI_project/oneAPI-DirectProgramming-training/deredundancy/dpcpp/main.dp.cpp,123
DPCT1049,deredundancy,/home/parallels/Documents/oneAPI_project/oneAPI-DirectProgramming-training/deredundancy/dpcpp/main.dp.cpp,138
DPCT1049,deredundancy,/home/parallels/Documents/oneAPI_project/oneAPI-DirectProgramming-training/deredundancy/dpcpp/main.dp.cpp,153
DPCT1049,deredundancy,/home/parallels/Documents/oneAPI_project/oneAPI-DirectProgramming-training/deredundancy/dpcpp/main.dp.cpp,174
DPCT1049,deredundancy,/home/parallels/Documents/oneAPI_project/oneAPI-DirectProgramming-training/deredundancy/dpcpp/main.dp.cpp,206
DPCT1049,deredundancy,/home/parallels/Documents/oneAPI_project/oneAPI-DirectProgramming-training/deredundancy/dpcpp/main.dp.cpp,256
DPCT1049,deredundancy,/home/parallels/Documents/oneAPI_project/oneAPI-DirectProgramming-training/deredundancy/dpcpp/main.dp.cpp,270
DPCT1049,deredundancy,/home/parallels/Documents/oneAPI_project/oneAPI-DirectProgramming-training/deredundancy/dpcpp/main.dp.cpp,283
DPCT1049,deredundancy,/home/parallels/Documents/oneAPI_project/oneAPI-DirectProgramming-training/deredundancy/dpcpp/main.dp.cpp,302
DPCT1049,deredundancy,/home/parallels/Documents/oneAPI_project/oneAPI-DirectProgramming-training/deredundancy/dpcpp/main.dp.cpp,316
DPCT1065,deredundancy,/home/parallels/Documents/oneAPI_project/oneAPI-DirectProgramming-training/deredundancy/dpcpp/kernels.dp.cpp,502
DPCT1003,s3d,/home/parallels/Documents/oneAPI_project/oneAPI-DirectProgramming-training/s3d/dpcpp/S3D.dp.cpp,127
DPCT1003,s3d,/home/parallels/Documents/oneAPI_project/oneAPI-DirectProgramming-training/s3d/dpcpp/S3D.dp.cpp,133
DPCT1003,s3d,/home/parallels/Documents/oneAPI_project/oneAPI-DirectProgramming-training/s3d/dpcpp/S3D.dp.cpp,139
DPCT1003,s3d,/home/parallels/Documents/oneAPI_project/oneAPI-DirectProgramming-training/s3d/dpcpp/S3D.dp.cpp,146
DPCT1003,s3d,/home/parallels/Documents/oneAPI_project/oneAPI-DirectProgramming-training/s3d/dpcpp/S3D.dp.cpp,153
DPCT1003,s3d,/home/parallels/Documents/oneAPI_project/oneAPI-DirectProgramming-training/s3d/dpcpp/S3D.dp.cpp,197
DPCT1003,s3d,/home/parallels/Documents/oneAPI_project/oneAPI-DirectProgramming-training/s3d/dpcpp/S3D.dp.cpp,203
DPCT1003,s3d,/home/parallels/Documents/oneAPI_project/oneAPI-DirectProgramming-training/s3d/dpcpp/S3D.dp.cpp,209
DPCT1003,s3d,/home/parallels/Documents/oneAPI_project/oneAPI-DirectProgramming-training/s3d/dpcpp/S3D.dp.cpp,216
DPCT1003,s3d,/home/parallels/Documents/oneAPI_project/oneAPI-DirectProgramming-training/s3d/dpcpp/S3D.dp.cpp,223
DPCT1003,s3d,/home/parallels/Documents/oneAPI_project/oneAPI-DirectProgramming-training/s3d/dpcpp/S3D.dp.cpp,230
DPCT1003,s3d,/home/parallels/Documents/oneAPI_project/oneAPI-DirectProgramming-training/s3d/dpcpp/S3D.dp.cpp,237
DPCT1003,s3d,/home/parallels/Documents/oneAPI_project/oneAPI-DirectProgramming-training/s3d/dpcpp/S3D.dp.cpp,244
DPCT1003,s3d,/home/parallels/Documents/oneAPI_project/oneAPI-DirectProgramming-training/s3d/dpcpp/S3D.dp.cpp,251
DPCT1003,s3d,/home/parallels/Documents/oneAPI_project/oneAPI-DirectProgramming-training/s3d/dpcpp/S3D.dp.cpp,258
DPCT1003,s3d,/home/parallels/Documents/oneAPI_project/oneAPI-DirectProgramming-training/s3d/dpcpp/S3D.dp.cpp,265
DPCT1003,s3d,/home/parallels/Documents/oneAPI_project/oneAPI-DirectProgramming-training/s3d/dpcpp/S3D.dp.cpp,280
DPCT1003,s3d,/home/parallels/Documents/oneAPI_project/oneAPI-DirectProgramming-training/s3d/dpcpp/S3D.dp.cpp,285
DPCT1003,s3d,/home/parallels/Documents/oneAPI_project/oneAPI-DirectProgramming-training/s3d/dpcpp/S3D.dp.cpp,290
DPCT1003,s3d,/home/parallels/Documents/oneAPI_project/oneAPI-DirectProgramming-training/s3d/dpcpp/S3D.dp.cpp,295
DPCT1049,s3d,/home/parallels/Documents/oneAPI_project/oneAPI-DirectProgramming-training/s3d/dpcpp/S3D.dp.cpp,305
DPCT1049,s3d,/home/parallels/Documents/oneAPI_project/oneAPI-DirectProgramming-training/s3d/dpcpp/S3D.dp.cpp,319
DPCT1049,s3d,/home/parallels/Documents/oneAPI_project/oneAPI-DirectProgramming-training/s3d/dpcpp/S3D.dp.cpp,333
DPCT1049,s3d,/home/parallels/Documents/oneAPI_project/oneAPI-DirectProgramming-training/s3d/dpcpp/S3D.dp.cpp,348
DPCT1049,s3d,/home/parallels/Documents/oneAPI_project/oneAPI-DirectProgramming-training/s3d/dpcpp/S3D.dp.cpp,362
DPCT1049,s3d,/home/parallels/Documents/oneAPI_project/oneAPI-DirectProgramming-training/s3d/dpcpp/S3D.dp.cpp,376
DPCT1049,s3d,/home/parallels/Documents/oneAPI_project/oneAPI-DirectProgramming-training/s3d/dpcpp/S3D.dp.cpp,390
DPCT1049,s3d,/home/parallels/Documents/oneAPI_project/oneAPI-DirectProgramming-training/s3d/dpcpp/S3D.dp.cpp,404
DPCT1049,s3d,/home/parallels/Documents/oneAPI_project/oneAPI-DirectProgramming-training/s3d/dpcpp/S3D.dp.cpp,418
DPCT1049,s3d,/home/parallels/Documents/oneAPI_project/oneAPI-DirectProgramming-training/s3d/dpcpp/S3D.dp.cpp,432
DPCT1049,s3d,/home/parallels/Documents/oneAPI_project/oneAPI-DirectProgramming-training/s3d/dpcpp/S3D.dp.cpp,446
DPCT1049,s3d,/home/parallels/Documents/oneAPI_project/oneAPI-DirectProgramming-training/s3d/dpcpp/S3D.dp.cpp,460
DPCT1049,s3d,/home/parallels/Documents/oneAPI_project/oneAPI-DirectProgramming-training/s3d/dpcpp/S3D.dp.cpp,475
DPCT1049,s3d,/home/parallels/Documents/oneAPI_project/oneAPI-DirectProgramming-training/s3d/dpcpp/S3D.dp.cpp,489
DPCT1049,s3d,/home/parallels/Documents/oneAPI_project/oneAPI-DirectProgramming-training/s3d/dpcpp/S3D.dp.cpp,503
DPCT1049,s3d,/home/parallels/Documents/oneAPI_project/oneAPI-DirectProgramming-training/s3d/dpcpp/S3D.dp.cpp,516
DPCT1049,s3d,/home/parallels/Documents/oneAPI_project/oneAPI-DirectProgramming-training/s3d/dpcpp/S3D.dp.cpp,530
DPCT1049,s3d,/home/parallels/Documents/oneAPI_project/oneAPI-DirectProgramming-training/s3d/dpcpp/S3D.dp.cpp,543
DPCT1049,s3d,/home/parallels/Documents/oneAPI_project/oneAPI-DirectProgramming-training/s3d/dpcpp/S3D.dp.cpp,556
DPCT1049,s3d,/home/parallels/Documents/oneAPI_project/oneAPI-DirectProgramming-training/s3d/dpcpp/S3D.dp.cpp,570
DPCT1049,s3d,/home/parallels/Documents/oneAPI_project/oneAPI-DirectProgramming-training/s3d/dpcpp/S3D.dp.cpp,584
DPCT1049,s3d,/home/parallels/Documents/oneAPI_project/oneAPI-DirectProgramming-training/s3d/dpcpp/S3D.dp.cpp,598
DPCT1049,s3d,/home/parallels/Documents/oneAPI_project/oneAPI-DirectProgramming-training/s3d/dpcpp/S3D.dp.cpp,612
DPCT1049,s3d,/home/parallels/Documents/oneAPI_project/oneAPI-DirectProgramming-training/s3d/dpcpp/S3D.dp.cpp,626
DPCT1049,s3d,/home/parallels/Documents/oneAPI_project/oneAPI-DirectProgramming-training/s3d/dpcpp/S3D.dp.cpp,640
DPCT1049,s3d,/home/parallels/Documents/oneAPI_project/oneAPI-DirectProgramming-training/s3d/dpcpp/S3D.dp.cpp,654
DPCT1049,s3d,/home/parallels/Documents/oneAPI_project/oneAPI-DirectProgramming-training/s3d/dpcpp/S3D.dp.cpp,668
DPCT1003,s3d,/home/parallels/Documents/oneAPI_project/oneAPI-DirectProgramming-training/s3d/dpcpp/S3D.dp.cpp,684
DPCT1003,s3d,/home/parallels/Documents/oneAPI_project/oneAPI-DirectProgramming-training/s3d/dpcpp/S3D.dp.cpp,693
DPCT1003,s3d,/home/parallels/Documents/oneAPI_project/oneAPI-DirectProgramming-training/s3d/dpcpp/S3D.dp.cpp,698
DPCT1003,s3d,/home/parallels/Documents/oneAPI_project/oneAPI-DirectProgramming-training/s3d/dpcpp/S3D.dp.cpp,703
DPCT1003,s3d,/home/parallels/Documents/oneAPI_project/oneAPI-DirectProgramming-training/s3d/dpcpp/S3D.dp.cpp,708
DPCT1003,s3d,/home/parallels/Documents/oneAPI_project/oneAPI-DirectProgramming-training/s3d/dpcpp/S3D.dp.cpp,713
DPCT1003,s3d,/home/parallels/Documents/oneAPI_project/oneAPI-DirectProgramming-training/s3d/dpcpp/S3D.dp.cpp,718
DPCT1003,s3d,/home/parallels/Documents/oneAPI_project/oneAPI-DirectProgramming-training/s3d/dpcpp/S3D.dp.cpp,723
DPCT1003,s3d,/home/parallels/Documents/oneAPI_project/oneAPI-DirectProgramming-training/s3d/dpcpp/S3D.dp.cpp,728
DPCT1003,s3d,/home/parallels/Documents/oneAPI_project/oneAPI-DirectProgramming-training/s3d/dpcpp/S3D.dp.cpp,733
DPCT1003,s3d,/home/parallels/Documents/oneAPI_project/oneAPI-DirectProgramming-training/s3d/dpcpp/S3D.dp.cpp,738
DPCT1003,s3d,/home/parallels/Documents/oneAPI_project/oneAPI-DirectProgramming-training/s3d/dpcpp/S3D.dp.cpp,743
DPCT1003,s3d,/home/parallels/Documents/oneAPI_project/oneAPI-DirectProgramming-training/s3d/dpcpp/S3D.dp.cpp,758
DPCT1003,s3d,/home/parallels/Documents/oneAPI_project/oneAPI-DirectProgramming-training/s3d/dpcpp/S3D.dp.cpp,763
DPCT1003,s3d,/home/parallels/Documents/oneAPI_project/oneAPI-DirectProgramming-training/s3d/dpcpp/S3D.dp.cpp,768
DPCT1003,s3d,/home/parallels/Documents/oneAPI_project/oneAPI-DirectProgramming-training/s3d/dpcpp/S3D.dp.cpp,773
DPCT1003,s3d,/home/parallels/Documents/oneAPI_project/oneAPI-DirectProgramming-training/s3d/dpcpp/S3D.dp.cpp,778
DPCT1049,hybridsort,/home/parallels/Documents/oneAPI_project/oneAPI-DirectProgramming-training/hybridsort/dpcpp/mergesort.dp.cpp,196
DPCT1049,hybridsort,/home/parallels/Documents/oneAPI_project/oneAPI-DirectProgramming-training/hybridsort/dpcpp/mergesort.dp.cpp,239
DPCT1049,hybridsort,/home/parallels/Documents/oneAPI_project/oneAPI-DirectProgramming-training/hybridsort/dpcpp/bucketsort.dp.cpp,69
DPCT1049,hybridsort,/home/parallels/Documents/oneAPI_project/oneAPI-DirectProgramming-training/hybridsort/dpcpp/bucketsort.dp.cpp,148
DPCT1008,hybridsort,/home/parallels/Documents/oneAPI_project/oneAPI-DirectProgramming-training/hybridsort/dpcpp/hybridsort.dp.cpp,119
DPCT1008,hybridsort,/home/parallels/Documents/oneAPI_project/oneAPI-DirectProgramming-training/hybridsort/dpcpp/hybridsort.dp.cpp,126
DPCT1008,hybridsort,/home/parallels/Documents/oneAPI_project/oneAPI-DirectProgramming-training/hybridsort/dpcpp/hybridsort.dp.cpp,142
DPCT1008,hybridsort,/home/parallels/Documents/oneAPI_project/oneAPI-DirectProgramming-training/hybridsort/dpcpp/hybridsort.dp.cpp,151
DPCT1008,hybridsort,/home/parallels/Documents/oneAPI_project/oneAPI-DirectProgramming-training/hybridsort/dpcpp/hybridsort.dp.cpp,171
DPCT1008,hybridsort,/home/parallels/Documents/oneAPI_project/oneAPI-DirectProgramming-training/hybridsort/dpcpp/hybridsort.dp.cpp,179
DPCT1049,hmm,/home/parallels/Documents/oneAPI_project/oneAPI-DirectProgramming-training/hmm/dpcpp/ViterbiGPU.dp.cpp,94
DPCT1039,sssp,/home/parallels/Documents/oneAPI_project/oneAPI-DirectProgramming-training/sssp/dpcpp/main.dp.cpp,181
DPCT1039,sssp,/home/parallels/Documents/oneAPI_project/oneAPI-DirectProgramming-training/sssp/dpcpp/main.dp.cpp,190
DPCT1039,sssp,/home/parallels/Documents/oneAPI_project/oneAPI-DirectProgramming-training/sssp/dpcpp/main.dp.cpp,198
DPCT1039,sssp,/home/parallels/Documents/oneAPI_project/oneAPI-DirectProgramming-training/sssp/dpcpp/main.dp.cpp,214
DPCT1065,sssp,/home/parallels/Documents/oneAPI_project/oneAPI-DirectProgramming-training/sssp/dpcpp/main.dp.cpp,222
DPCT1039,sssp,/home/parallels/Documents/oneAPI_project/oneAPI-DirectProgramming-training/sssp/dpcpp/main.dp.cpp,236
DPCT1065,sssp,/home/parallels/Documents/oneAPI_project/oneAPI-DirectProgramming-training/sssp/dpcpp/main.dp.cpp,246
DPCT1065,sssp,/home/parallels/Documents/oneAPI_project/oneAPI-DirectProgramming-training/sssp/dpcpp/main.dp.cpp,258
DPCT1065,sssp,/home/parallels/Documents/oneAPI_project/oneAPI-DirectProgramming-training/sssp/dpcpp/main.dp.cpp,268
DPCT1039,sssp,/home/parallels/Documents/oneAPI_project/oneAPI-DirectProgramming-training/sssp/dpcpp/main.dp.cpp,280
DPCT1039,sssp,/home/parallels/Documents/oneAPI_project/oneAPI-DirectProgramming-training/sssp/dpcpp/main.dp.cpp,288
DPCT1039,sssp,/home/parallels/Documents/oneAPI_project/oneAPI-DirectProgramming-training/sssp/dpcpp/main.dp.cpp,310
DPCT1039,sssp,/home/parallels/Documents/oneAPI_project/oneAPI-DirectProgramming-training/sssp/dpcpp/main.dp.cpp,321
DPCT1039,sssp,/home/parallels/Documents/oneAPI_project/oneAPI-DirectProgramming-training/sssp/dpcpp/main.dp.cpp,348
DPCT1065,sssp,/home/parallels/Documents/oneAPI_project/oneAPI-DirectProgramming-training/sssp/dpcpp/main.dp.cpp,359
DPCT1039,sssp,/home/parallels/Documents/oneAPI_project/oneAPI-DirectProgramming-training/sssp/dpcpp/main.dp.cpp,370
DPCT1065,sssp,/home/parallels/Documents/oneAPI_project/oneAPI-DirectProgramming-training/sssp/dpcpp/main.dp.cpp,379
DPCT1039,sssp,/home/parallels/Documents/oneAPI_project/oneAPI-DirectProgramming-training/sssp/dpcpp/main.dp.cpp,395
DPCT1049,sssp,/home/parallels/Documents/oneAPI_project/oneAPI-DirectProgramming-training/sssp/dpcpp/main.dp.cpp,650
DPCT1049,easyWave,/home/parallels/Documents/oneAPI_project/oneAPI-DirectProgramming-training/easyWave/dpcpp/main.dp.cpp,895
DPCT1049,easyWave,/home/parallels/Documents/oneAPI_project/oneAPI-DirectProgramming-training/easyWave/dpcpp/main.dp.cpp,918
DPCT1049,haccmk,/home/parallels/Documents/oneAPI_project/oneAPI-DirectProgramming-training/haccmk/dpcpp/haccmk.dp.cpp,98
DPCT1049,srad,/home/parallels/Documents/oneAPI_project/oneAPI-DirectProgramming-training/srad/dpcpp/main.dp.cpp,296
DPCT1049,srad,/home/parallels/Documents/oneAPI_project/oneAPI-DirectProgramming-training/srad/dpcpp/main.dp.cpp,325
DPCT1049,srad,/home/parallels/Documents/oneAPI_project/oneAPI-DirectProgramming-training/srad/dpcpp/main.dp.cpp,350
DPCT1049,srad,/home/parallels/Documents/oneAPI_project/oneAPI-DirectProgramming-training/srad/dpcpp/main.dp.cpp,409
DPCT1049,srad,/home/parallels/Documents/oneAPI_project/oneAPI-DirectProgramming-training/srad/dpcpp/main.dp.cpp,425
DPCT1049,srad,/home/parallels/Documents/oneAPI_project/oneAPI-DirectProgramming-training/srad/dpcpp/main.dp.cpp,450
DPCT1065,srad,/home/parallels/Documents/oneAPI_project/oneAPI-DirectProgramming-training/srad/dpcpp/reduce_kernel.dp.cpp,37
DPCT1065,srad,/home/parallels/Documents/oneAPI_project/oneAPI-DirectProgramming-training/srad/dpcpp/reduce_kernel.dp.cpp,55
DPCT1065,srad,/home/parallels/Documents/oneAPI_project/oneAPI-DirectProgramming-training/srad/dpcpp/reduce_kernel.dp.cpp,80
DPCT1065,srad,/home/parallels/Documents/oneAPI_project/oneAPI-DirectProgramming-training/srad/dpcpp/reduce_kernel.dp.cpp,109
DPCT1003,ising,/home/parallels/Documents/oneAPI_project/oneAPI-DirectProgramming-training/ising/dpcpp/main.dp.cpp,249
DPCT1003,ising,/home/parallels/Documents/oneAPI_project/oneAPI-DirectProgramming-training/ising/dpcpp/main.dp.cpp,259
DPCT1003,ising,/home/parallels/Documents/oneAPI_project/oneAPI-DirectProgramming-training/ising/dpcpp/main.dp.cpp,266
DPCT1003,ising,/home/parallels/Documents/oneAPI_project/oneAPI-DirectProgramming-training/ising/dpcpp/main.dp.cpp,314
DPCT1003,ising,/home/parallels/Documents/oneAPI_project/oneAPI-DirectProgramming-training/ising/dpcpp/main.dp.cpp,330
DPCT1003,ising,/home/parallels/Documents/oneAPI_project/oneAPI-DirectProgramming-training/ising/dpcpp/main.dp.cpp,350
DPCT1003,ising,/home/parallels/Documents/oneAPI_project/oneAPI-DirectProgramming-training/ising/dpcpp/main.dp.cpp,358
DPCT1065,grep,/home/parallels/Documents/oneAPI_project/oneAPI-DirectProgramming-training/grep/dpcpp/pnfa.dp.cpp,232
DPCT1049,hotspot3D,/home/parallels/Documents/oneAPI_project/oneAPI-DirectProgramming-training/hotspot3D/dpcpp/3D.dp.cpp,169
DPCT1039,jaccard,/home/parallels/Documents/oneAPI_project/oneAPI-DirectProgramming-training/jaccard/dpcpp/main.dp.cpp,164
DPCT1049,jaccard,/home/parallels/Documents/oneAPI_project/oneAPI-DirectProgramming-training/jaccard/dpcpp/main.dp.cpp,261
DPCT1049,jaccard,/home/parallels/Documents/oneAPI_project/oneAPI-DirectProgramming-training/jaccard/dpcpp/main.dp.cpp,278
DPCT1049,jaccard,/home/parallels/Documents/oneAPI_project/oneAPI-DirectProgramming-training/jaccard/dpcpp/main.dp.cpp,299
DPCT1049,jaccard,/home/parallels/Documents/oneAPI_project/oneAPI-DirectProgramming-training/jaccard/dpcpp/main.dp.cpp,327
DPCT1049,jaccard,/home/parallels/Documents/oneAPI_project/oneAPI-DirectProgramming-training/jaccard/dpcpp/main.dp.cpp,356
DPCT1007,sptrsv,/home/parallels/Documents/oneAPI_project/oneAPI-DirectProgramming-training/sptrsv/dpcpp/sptrsv_syncfree.dp.cpp,19
DPCT1007,sptrsv,/home/parallels/Documents/oneAPI_project/oneAPI-DirectProgramming-training/sptrsv/dpcpp/sptrsv_syncfree.dp.cpp,32
DPCT1049,epistatis,/home/parallels/Documents/oneAPI_project/oneAPI-DirectProgramming-training/epistatis/dpcpp/main.dp.cpp,332
DPCT1065,reverse,/home/parallels/Documents/oneAPI_project/oneAPI-DirectProgramming-training/reverse/dpcpp/main.dp.cpp,13
DPCT1065,boxfilter,/home/parallels/Documents/oneAPI_project/oneAPI-DirectProgramming-training/boxfilter/dpcpp/main.dp.cpp,83
DPCT1049,boxfilter,/home/parallels/Documents/oneAPI_project/oneAPI-DirectProgramming-training/boxfilter/dpcpp/main.dp.cpp,192
DPCT1049,boxfilter,/home/parallels/Documents/oneAPI_project/oneAPI-DirectProgramming-training/boxfilter/dpcpp/main.dp.cpp,218
DPCT1065,fpc,/home/parallels/Documents/oneAPI_project/oneAPI-DirectProgramming-training/fpc/dpcpp/main.dp.cpp,166
DPCT1065,fpc,/home/parallels/Documents/oneAPI_project/oneAPI-DirectProgramming-training/fpc/dpcpp/main.dp.cpp,176
DPCT1039,fpc,/home/parallels/Documents/oneAPI_project/oneAPI-DirectProgramming-training/fpc/dpcpp/main.dp.cpp,183
DPCT1065,fpc,/home/parallels/Documents/oneAPI_project/oneAPI-DirectProgramming-training/fpc/dpcpp/main.dp.cpp,238
DPCT1065,fpc,/home/parallels/Documents/oneAPI_project/oneAPI-DirectProgramming-training/fpc/dpcpp/main.dp.cpp,248
DPCT1039,fpc,/home/parallels/Documents/oneAPI_project/oneAPI-DirectProgramming-training/fpc/dpcpp/main.dp.cpp,255
DPCT1049,fpc,/home/parallels/Documents/oneAPI_project/oneAPI-DirectProgramming-training/fpc/dpcpp/main.dp.cpp,281
DPCT1049,fpc,/home/parallels/Documents/oneAPI_project/oneAPI-DirectProgramming-training/fpc/dpcpp/main.dp.cpp,319
DPCT1049,multimaterial,/home/parallels/Documents/oneAPI_project/oneAPI-DirectProgramming-training/multimaterial/dpcpp/compact.dp.cpp,364
DPCT1049,multimaterial,/home/parallels/Documents/oneAPI_project/oneAPI-DirectProgramming-training/multimaterial/dpcpp/compact.dp.cpp,382
DPCT1049,multimaterial,/home/parallels/Documents/oneAPI_project/oneAPI-DirectProgramming-training/multimaterial/dpcpp/compact.dp.cpp,409
DPCT1049,multimaterial,/home/parallels/Documents/oneAPI_project/oneAPI-DirectProgramming-training/multimaterial/dpcpp/compact.dp.cpp,429
DPCT1049,multimaterial,/home/parallels/Documents/oneAPI_project/oneAPI-DirectProgramming-training/multimaterial/dpcpp/compact.dp.cpp,455
DPCT1065,convolutionSeparable,/home/parallels/Documents/oneAPI_project/oneAPI-DirectProgramming-training/convolutionSeparable/dpcpp/conv.dp.cpp,62
DPCT1065,convolutionSeparable,/home/parallels/Documents/oneAPI_project/oneAPI-DirectProgramming-training/convolutionSeparable/dpcpp/conv.dp.cpp,113
DPCT1049,convolutionSeparable,/home/parallels/Documents/oneAPI_project/oneAPI-DirectProgramming-training/convolutionSeparable/dpcpp/conv.dp.cpp,145
DPCT1049,convolutionSeparable,/home/parallels/Documents/oneAPI_project/oneAPI-DirectProgramming-training/convolutionSeparable/dpcpp/conv.dp.cpp,186
DPCT1065,lid-driven-cavity,/home/parallels/Documents/oneAPI_project/oneAPI-DirectProgramming-training/lid-driven-cavity/dpcpp/main.dp.cpp,363
DPCT1065,lid-driven-cavity,/home/parallels/Documents/oneAPI_project/oneAPI-DirectProgramming-training/lid-driven-cavity/dpcpp/main.dp.cpp,377
DPCT1065,lid-driven-cavity,/home/parallels/Documents/oneAPI_project/oneAPI-DirectProgramming-training/lid-driven-cavity/dpcpp/main.dp.cpp,570
DPCT1065,lid-driven-cavity,/home/parallels/Documents/oneAPI_project/oneAPI-DirectProgramming-training/lid-driven-cavity/dpcpp/main.dp.cpp,584
DPCT1065,lid-driven-cavity,/home/parallels/Documents/oneAPI_project/oneAPI-DirectProgramming-training/lid-driven-cavity/dpcpp/main.dp.cpp,660
DPCT1065,lid-driven-cavity,/home/parallels/Documents/oneAPI_project/oneAPI-DirectProgramming-training/lid-driven-cavity/dpcpp/main.dp.cpp,675
DPCT1065,lid-driven-cavity,/home/parallels/Documents/oneAPI_project/oneAPI-DirectProgramming-training/lid-driven-cavity/dpcpp/main.dp.cpp,773
DPCT1065,lid-driven-cavity,/home/parallels/Documents/oneAPI_project/oneAPI-DirectProgramming-training/lid-driven-cavity/dpcpp/main.dp.cpp,788
DPCT1049,lid-driven-cavity,/home/parallels/Documents/oneAPI_project/oneAPI-DirectProgramming-training/lid-driven-cavity/dpcpp/main.dp.cpp,983
DPCT1049,lid-driven-cavity,/home/parallels/Documents/oneAPI_project/oneAPI-DirectProgramming-training/lid-driven-cavity/dpcpp/main.dp.cpp,994
DPCT1049,lid-driven-cavity,/home/parallels/Documents/oneAPI_project/oneAPI-DirectProgramming-training/lid-driven-cavity/dpcpp/main.dp.cpp,1007
DPCT1049,lid-driven-cavity,/home/parallels/Documents/oneAPI_project/oneAPI-DirectProgramming-training/lid-driven-cavity/dpcpp/main.dp.cpp,1047
DPCT1049,lid-driven-cavity,/home/parallels/Documents/oneAPI_project/oneAPI-DirectProgramming-training/lid-driven-cavity/dpcpp/main.dp.cpp,1059
DPCT1049,lid-driven-cavity,/home/parallels/Documents/oneAPI_project/oneAPI-DirectProgramming-training/lid-driven-cavity/dpcpp/main.dp.cpp,1076
DPCT1049,lid-driven-cavity,/home/parallels/Documents/oneAPI_project/oneAPI-DirectProgramming-training/lid-driven-cavity/dpcpp/main.dp.cpp,1093
DPCT1049,lid-driven-cavity,/home/parallels/Documents/oneAPI_project/oneAPI-DirectProgramming-training/lid-driven-cavity/dpcpp/main.dp.cpp,1110
DPCT1049,lid-driven-cavity,/home/parallels/Documents/oneAPI_project/oneAPI-DirectProgramming-training/lid-driven-cavity/dpcpp/main.dp.cpp,1150
DPCT1049,lid-driven-cavity,/home/parallels/Documents/oneAPI_project/oneAPI-DirectProgramming-training/lid-driven-cavity/dpcpp/main.dp.cpp,1169
DPCT1049,lid-driven-cavity,/home/parallels/Documents/oneAPI_project/oneAPI-DirectProgramming-training/lid-driven-cavity/dpcpp/main.dp.cpp,1202
DPCT1049,heat2d,/home/parallels/Documents/oneAPI_project/oneAPI-DirectProgramming-training/heat2d/dpcpp/main.dp.cpp,142
DPCT1065,dxtc1,/home/parallels/Documents/oneAPI_project/oneAPI-DirectProgramming-training/dxtc1/dpcpp/main.dp.cpp,43
DPCT1065,dxtc1,/home/parallels/Documents/oneAPI_project/oneAPI-DirectProgramming-training/dxtc1/dpcpp/main.dp.cpp,57
DPCT1011,dxtc1,/home/parallels/Documents/oneAPI_project/oneAPI-DirectProgramming-training/dxtc1/dpcpp/kernel.dp.cpp,17
DPCT1011,dxtc1,/home/parallels/Documents/oneAPI_project/oneAPI-DirectProgramming-training/dxtc1/dpcpp/kernel.dp.cpp,35
DPCT1011,dxtc1,/home/parallels/Documents/oneAPI_project/oneAPI-DirectProgramming-training/dxtc1/dpcpp/kernel.dp.cpp,51
DPCT1011,dxtc1,/home/parallels/Documents/oneAPI_project/oneAPI-DirectProgramming-training/dxtc1/dpcpp/kernel.dp.cpp,67
DPCT1011,dxtc1,/home/parallels/Documents/oneAPI_project/oneAPI-DirectProgramming-training/dxtc1/dpcpp/kernel.dp.cpp,83
DPCT1011,dxtc1,/home/parallels/Documents/oneAPI_project/oneAPI-DirectProgramming-training/dxtc1/dpcpp/kernel.dp.cpp,98
DPCT1004,dxtc1,/home/parallels/Documents/oneAPI_project/oneAPI-DirectProgramming-training/dxtc1/dpcpp/kernel.dp.cpp,257
DPCT1004,dxtc1,/home/parallels/Documents/oneAPI_project/oneAPI-DirectProgramming-training/dxtc1/dpcpp/kernel.dp.cpp,261
DPCT1004,dxtc1,/home/parallels/Documents/oneAPI_project/oneAPI-DirectProgramming-training/dxtc1/dpcpp/kernel.dp.cpp,265
DPCT1065,dxtc1,/home/parallels/Documents/oneAPI_project/oneAPI-DirectProgramming-training/dxtc1/dpcpp/kernel.dp.cpp,498
DPCT1065,dxtc1,/home/parallels/Documents/oneAPI_project/oneAPI-DirectProgramming-training/dxtc1/dpcpp/kernel.dp.cpp,517
DPCT1065,dxtc1,/home/parallels/Documents/oneAPI_project/oneAPI-DirectProgramming-training/dxtc1/dpcpp/kernel.dp.cpp,553
DPCT1049,qtclustering,/home/parallels/Documents/oneAPI_project/oneAPI-DirectProgramming-training/qtclustering/dpcpp/QTC.dp.cpp,274
DPCT1049,qtclustering,/home/parallels/Documents/oneAPI_project/oneAPI-DirectProgramming-training/qtclustering/dpcpp/QTC.dp.cpp,341
DPCT1049,qtclustering,/home/parallels/Documents/oneAPI_project/oneAPI-DirectProgramming-training/qtclustering/dpcpp/QTC.dp.cpp,409
DPCT1049,qtclustering,/home/parallels/Documents/oneAPI_project/oneAPI-DirectProgramming-training/qtclustering/dpcpp/QTC.dp.cpp,467
DPCT1065,nw,/home/parallels/Documents/oneAPI_project/oneAPI-DirectProgramming-training/nw/dpcpp/nw.dp.cpp,107
DPCT1065,nw,/home/parallels/Documents/oneAPI_project/oneAPI-DirectProgramming-training/nw/dpcpp/nw.dp.cpp,117
DPCT1065,nw,/home/parallels/Documents/oneAPI_project/oneAPI-DirectProgramming-training/nw/dpcpp/nw.dp.cpp,126
DPCT1065,nw,/home/parallels/Documents/oneAPI_project/oneAPI-DirectProgramming-training/nw/dpcpp/nw.dp.cpp,135
DPCT1065,nw,/home/parallels/Documents/oneAPI_project/oneAPI-DirectProgramming-training/nw/dpcpp/nw.dp.cpp,151
DPCT1065,nw,/home/parallels/Documents/oneAPI_project/oneAPI-DirectProgramming-training/nw/dpcpp/nw.dp.cpp,159
DPCT1065,nw,/home/parallels/Documents/oneAPI_project/oneAPI-DirectProgramming-training/nw/dpcpp/nw.dp.cpp,179
DPCT1065,nw,/home/parallels/Documents/oneAPI_project/oneAPI-DirectProgramming-training/nw/dpcpp/nw.dp.cpp,218
DPCT1065,nw,/home/parallels/Documents/oneAPI_project/oneAPI-DirectProgramming-training/nw/dpcpp/nw.dp.cpp,227
DPCT1065,nw,/home/parallels/Documents/oneAPI_project/oneAPI-DirectProgramming-training/nw/dpcpp/nw.dp.cpp,236
DPCT1065,nw,/home/parallels/Documents/oneAPI_project/oneAPI-DirectProgramming-training/nw/dpcpp/nw.dp.cpp,254
DPCT1065,nw,/home/parallels/Documents/oneAPI_project/oneAPI-DirectProgramming-training/nw/dpcpp/nw.dp.cpp,274
DPCT1049,nw,/home/parallels/Documents/oneAPI_project/oneAPI-DirectProgramming-training/nw/dpcpp/nw.dp.cpp,390
DPCT1049,nw,/home/parallels/Documents/oneAPI_project/oneAPI-DirectProgramming-training/nw/dpcpp/nw.dp.cpp,422
DPCT1065,nms,/home/parallels/Documents/oneAPI_project/oneAPI-DirectProgramming-training/nms/dpcpp/main.dp.cpp,66
DPCT1003,nms,/home/parallels/Documents/oneAPI_project/oneAPI-DirectProgramming-training/nms/dpcpp/main.dp.cpp,217
DPCT1003,nms,/home/parallels/Documents/oneAPI_project/oneAPI-DirectProgramming-training/nms/dpcpp/main.dp.cpp,223
DPCT1003,nms,/home/parallels/Documents/oneAPI_project/oneAPI-DirectProgramming-training/nms/dpcpp/main.dp.cpp,232
DPCT1003,nms,/home/parallels/Documents/oneAPI_project/oneAPI-DirectProgramming-training/nms/dpcpp/main.dp.cpp,242
DPCT1003,nms,/home/parallels/Documents/oneAPI_project/oneAPI-DirectProgramming-training/nms/dpcpp/main.dp.cpp,250
DPCT1003,nms,/home/parallels/Documents/oneAPI_project/oneAPI-DirectProgramming-training/nms/dpcpp/main.dp.cpp,260
DPCT1003,nms,/home/parallels/Documents/oneAPI_project/oneAPI-DirectProgramming-training/nms/dpcpp/main.dp.cpp,269
DPCT1049,nms,/home/parallels/Documents/oneAPI_project/oneAPI-DirectProgramming-training/nms/dpcpp/main.dp.cpp,290
DPCT1010,nms,/home/parallels/Documents/oneAPI_project/oneAPI-DirectProgramming-training/nms/dpcpp/main.dp.cpp,302
DPCT1049,nms,/home/parallels/Documents/oneAPI_project/oneAPI-DirectProgramming-training/nms/dpcpp/main.dp.cpp,315
DPCT1010,nms,/home/parallels/Documents/oneAPI_project/oneAPI-DirectProgramming-training/nms/dpcpp/main.dp.cpp,328
DPCT1003,nms,/home/parallels/Documents/oneAPI_project/oneAPI-DirectProgramming-training/nms/dpcpp/main.dp.cpp,336
DPCT1049,ss,/home/parallels/Documents/oneAPI_project/oneAPI-DirectProgramming-training/ss/dpcpp/main.dp.cpp,203
DPCT1049,ss,/home/parallels/Documents/oneAPI_project/oneAPI-DirectProgramming-training/ss/dpcpp/main.dp.cpp,242
DPCT1065,ss,/home/parallels/Documents/oneAPI_project/oneAPI-DirectProgramming-training/ss/dpcpp/kernels.dp.cpp,92
DPCT1065,ss,/home/parallels/Documents/oneAPI_project/oneAPI-DirectProgramming-training/ss/dpcpp/kernels.dp.cpp,111
DPCT1065,ss,/home/parallels/Documents/oneAPI_project/oneAPI-DirectProgramming-training/ss/dpcpp/kernels.dp.cpp,182
DPCT1065,ss,/home/parallels/Documents/oneAPI_project/oneAPI-DirectProgramming-training/ss/dpcpp/kernels.dp.cpp,213
DPCT1065,ss,/home/parallels/Documents/oneAPI_project/oneAPI-DirectProgramming-training/ss/dpcpp/kernels.dp.cpp,220
DPCT1065,ss,/home/parallels/Documents/oneAPI_project/oneAPI-DirectProgramming-training/ss/dpcpp/kernels.dp.cpp,259
DPCT1065,ss,/home/parallels/Documents/oneAPI_project/oneAPI-DirectProgramming-training/ss/dpcpp/kernels.dp.cpp,266
DPCT1065,ss,/home/parallels/Documents/oneAPI_project/oneAPI-DirectProgramming-training/ss/dpcpp/kernels.dp.cpp,306
DPCT1065,lud,/home/parallels/Documents/oneAPI_project/oneAPI-DirectProgramming-training/lud/dpcpp/lud_kernels.dp.cpp,16
DPCT1065,lud,/home/parallels/Documents/oneAPI_project/oneAPI-DirectProgramming-training/lud/dpcpp/lud_kernels.dp.cpp,31
DPCT1065,lud,/home/parallels/Documents/oneAPI_project/oneAPI-DirectProgramming-training/lud/dpcpp/lud_kernels.dp.cpp,43
DPCT1065,lud,/home/parallels/Documents/oneAPI_project/oneAPI-DirectProgramming-training/lud/dpcpp/lud_kernels.dp.cpp,98
DPCT1065,lud,/home/parallels/Documents/oneAPI_project/oneAPI-DirectProgramming-training/lud/dpcpp/lud_kernels.dp.cpp,120
DPCT1065,lud,/home/parallels/Documents/oneAPI_project/oneAPI-DirectProgramming-training/lud/dpcpp/lud_kernels.dp.cpp,165
DPCT1049,kmeans,/home/parallels/Documents/oneAPI_project/oneAPI-DirectProgramming-training/kmeans/dpcpp/cluster.dp.cpp,116
DPCT1049,kmeans,/home/parallels/Documents/oneAPI_project/oneAPI-DirectProgramming-training/kmeans/dpcpp/cluster.dp.cpp,190
DPCT1049,ldpc,/home/parallels/Documents/oneAPI_project/oneAPI-DirectProgramming-training/ldpc/dpcpp/main.dp.cpp,243
DPCT1049,ldpc,/home/parallels/Documents/oneAPI_project/oneAPI-DirectProgramming-training/ldpc/dpcpp/main.dp.cpp,260
DPCT1049,ldpc,/home/parallels/Documents/oneAPI_project/oneAPI-DirectProgramming-training/ldpc/dpcpp/main.dp.cpp,288
DPCT1049,ldpc,/home/parallels/Documents/oneAPI_project/oneAPI-DirectProgramming-training/ldpc/dpcpp/main.dp.cpp,305
DPCT1065,ldpc,/home/parallels/Documents/oneAPI_project/oneAPI-DirectProgramming-training/ldpc/dpcpp/kernel.dp.cpp,212
DPCT1003,aobench,/home/parallels/Documents/oneAPI_project/oneAPI-DirectProgramming-training/aobench/dpcpp/ao.dp.cpp,365
DPCT1003,aobench,/home/parallels/Documents/oneAPI_project/oneAPI-DirectProgramming-training/aobench/dpcpp/ao.dp.cpp,372
DPCT1003,aobench,/home/parallels/Documents/oneAPI_project/oneAPI-DirectProgramming-training/aobench/dpcpp/ao.dp.cpp,377
DPCT1010,aobench,/home/parallels/Documents/oneAPI_project/oneAPI-DirectProgramming-training/aobench/dpcpp/ao.dp.cpp,394
DPCT1003,aobench,/home/parallels/Documents/oneAPI_project/oneAPI-DirectProgramming-training/aobench/dpcpp/ao.dp.cpp,401
DPCT1008,aobench,/home/parallels/Documents/oneAPI_project/oneAPI-DirectProgramming-training/aobench/dpcpp/ao.dp.cpp,429
DPCT1008,aobench,/home/parallels/Documents/oneAPI_project/oneAPI-DirectProgramming-training/aobench/dpcpp/ao.dp.cpp,438
DPCT1065,rng-wallace,/home/parallels/Documents/oneAPI_project/oneAPI-DirectProgramming-training/rng-wallace/dpcpp/wallace_kernel.dp.cpp,60
DPCT1065,rng-wallace,/home/parallels/Documents/oneAPI_project/oneAPI-DirectProgramming-training/rng-wallace/dpcpp/wallace_kernel.dp.cpp,84
DPCT1065,rng-wallace,/home/parallels/Documents/oneAPI_project/oneAPI-DirectProgramming-training/rng-wallace/dpcpp/wallace_kernel.dp.cpp,106
DPCT1065,rng-wallace,/home/parallels/Documents/oneAPI_project/oneAPI-DirectProgramming-training/rng-wallace/dpcpp/wallace_kernel.dp.cpp,131
DPCT1065,rng-wallace,/home/parallels/Documents/oneAPI_project/oneAPI-DirectProgramming-training/rng-wallace/dpcpp/wallace_kernel.dp.cpp,152
DPCT1065,rng-wallace,/home/parallels/Documents/oneAPI_project/oneAPI-DirectProgramming-training/rng-wallace/dpcpp/wallace_kernel.dp.cpp,163
DPCT1049,rng-wallace,/home/parallels/Documents/oneAPI_project/oneAPI-DirectProgramming-training/rng-wallace/dpcpp/main.dp.cpp,53
DPCT1065,ced,/home/parallels/Documents/oneAPI_project/oneAPI-DirectProgramming-training/ced/dpcpp/main.dp.cpp,107
DPCT1065,ced,/home/parallels/Documents/oneAPI_project/oneAPI-DirectProgramming-training/ced/dpcpp/main.dp.cpp,182
DPCT1065,ced,/home/parallels/Documents/oneAPI_project/oneAPI-DirectProgramming-training/ced/dpcpp/main.dp.cpp,292
DPCT1049,floydwarshall,/home/parallels/Documents/oneAPI_project/oneAPI-DirectProgramming-training/floydwarshall/dpcpp/main.dp.cpp,246
DPCT1049,softmax,/home/parallels/Documents/oneAPI_project/oneAPI-DirectProgramming-training/softmax/dpcpp/main.dp.cpp,77
DPCT1065,compute-score,/home/parallels/Documents/oneAPI_project/oneAPI-DirectProgramming-training/compute-score/dpcpp/main.dp.cpp,324
DPCT1049,compute-score,/home/parallels/Documents/oneAPI_project/oneAPI-DirectProgramming-training/compute-score/dpcpp/main.dp.cpp,438
DPCT1049,compute-score,/home/parallels/Documents/oneAPI_project/oneAPI-DirectProgramming-training/compute-score/dpcpp/main.dp.cpp,462
DPCT1049,libor,/home/parallels/Documents/oneAPI_project/oneAPI-DirectProgramming-training/libor/dpcpp/main.dp.cpp,359
DPCT1049,libor,/home/parallels/Documents/oneAPI_project/oneAPI-DirectProgramming-training/libor/dpcpp/main.dp.cpp,386
DPCT1039,randomAccess,/home/parallels/Documents/oneAPI_project/oneAPI-DirectProgramming-training/randomAccess/dpcpp/main.dp.cpp,79
DPCT1049,particles,/home/parallels/Documents/oneAPI_project/oneAPI-DirectProgramming-training/particles/dpcpp/bitonicSort.dp.cpp,65
DPCT1049,particles,/home/parallels/Documents/oneAPI_project/oneAPI-DirectProgramming-training/particles/dpcpp/bitonicSort.dp.cpp,94
DPCT1049,particles,/home/parallels/Documents/oneAPI_project/oneAPI-DirectProgramming-training/particles/dpcpp/bitonicSort.dp.cpp,128
DPCT1049,particles,/home/parallels/Documents/oneAPI_project/oneAPI-DirectProgramming-training/particles/dpcpp/bitonicSort.dp.cpp,153
DPCT1049,particles,/home/parallels/Documents/oneAPI_project/oneAPI-DirectProgramming-training/particles/dpcpp/particles.dp.cpp,37
DPCT1049,particles,/home/parallels/Documents/oneAPI_project/oneAPI-DirectProgramming-training/particles/dpcpp/particles.dp.cpp,58
DPCT1049,particles,/home/parallels/Documents/oneAPI_project/oneAPI-DirectProgramming-training/particles/dpcpp/particles.dp.cpp,81
DPCT1049,particles,/home/parallels/Documents/oneAPI_project/oneAPI-DirectProgramming-training/particles/dpcpp/particles.dp.cpp,109
DPCT1049,particles,/home/parallels/Documents/oneAPI_project/oneAPI-DirectProgramming-training/particles/dpcpp/particles.dp.cpp,141
DPCT1011,particles,/home/parallels/Documents/oneAPI_project/oneAPI-DirectProgramming-training/particles/dpcpp/particles_kernels.dp.cpp,14
DPCT1011,particles,/home/parallels/Documents/oneAPI_project/oneAPI-DirectProgramming-training/particles/dpcpp/particles_kernels.dp.cpp,32
DPCT1011,particles,/home/parallels/Documents/oneAPI_project/oneAPI-DirectProgramming-training/particles/dpcpp/particles_kernels.dp.cpp,48
DPCT1011,particles,/home/parallels/Documents/oneAPI_project/oneAPI-DirectProgramming-training/particles/dpcpp/particles_kernels.dp.cpp,64
DPCT1011,particles,/home/parallels/Documents/oneAPI_project/oneAPI-DirectProgramming-training/particles/dpcpp/particles_kernels.dp.cpp,80
DPCT1011,particles,/home/parallels/Documents/oneAPI_project/oneAPI-DirectProgramming-training/particles/dpcpp/particles_kernels.dp.cpp,96
DPCT1011,particles,/home/parallels/Documents/oneAPI_project/oneAPI-DirectProgramming-training/particles/dpcpp/particles_kernels.dp.cpp,111
DPCT1011,particles,/home/parallels/Documents/oneAPI_project/oneAPI-DirectProgramming-training/particles/dpcpp/particles_kernels.dp.cpp,126
DPCT1065,particles,/home/parallels/Documents/oneAPI_project/oneAPI-DirectProgramming-training/particles/dpcpp/particles_kernels.dp.cpp,316
DPCT1065,particles,/home/parallels/Documents/oneAPI_project/oneAPI-DirectProgramming-training/particles/dpcpp/bitonicSort_kernels.dp.cpp,79
DPCT1065,particles,/home/parallels/Documents/oneAPI_project/oneAPI-DirectProgramming-training/particles/dpcpp/bitonicSort_kernels.dp.cpp,97
DPCT1065,particles,/home/parallels/Documents/oneAPI_project/oneAPI-DirectProgramming-training/particles/dpcpp/bitonicSort_kernels.dp.cpp,112
DPCT1065,particles,/home/parallels/Documents/oneAPI_project/oneAPI-DirectProgramming-training/particles/dpcpp/bitonicSort_kernels.dp.cpp,168
DPCT1065,particles,/home/parallels/Documents/oneAPI_project/oneAPI-DirectProgramming-training/particles/dpcpp/bitonicSort_kernels.dp.cpp,189
DPCT1065,particles,/home/parallels/Documents/oneAPI_project/oneAPI-DirectProgramming-training/particles/dpcpp/bitonicSort_kernels.dp.cpp,205
DPCT1065,particles,/home/parallels/Documents/oneAPI_project/oneAPI-DirectProgramming-training/particles/dpcpp/bitonicSort_kernels.dp.cpp,295
DPCT1065,particles,/home/parallels/Documents/oneAPI_project/oneAPI-DirectProgramming-training/particles/dpcpp/bitonicSort_kernels.dp.cpp,310
DPCT1049,minibude,/home/parallels/Documents/oneAPI_project/oneAPI-DirectProgramming-training/minibude/dpcpp/main.dp.cpp,286
DPCT1049,minibude,/home/parallels/Documents/oneAPI_project/oneAPI-DirectProgramming-training/minibude/dpcpp/main.dp.cpp,304
DPCT1065,minibude,/home/parallels/Documents/oneAPI_project/oneAPI-DirectProgramming-training/minibude/dpcpp/kernel.dp.cpp,85
DPCT1049,medianfilter,/home/parallels/Documents/oneAPI_project/oneAPI-DirectProgramming-training/medianfilter/dpcpp/main.dp.cpp,130
DPCT1065,medianfilter,/home/parallels/Documents/oneAPI_project/oneAPI-DirectProgramming-training/medianfilter/dpcpp/MedianFilter.dp.cpp,153
DPCT1049,lulesh,/home/parallels/Documents/oneAPI_project/oneAPI-DirectProgramming-training/lulesh/dpcpp/lulesh.dp.cpp,2571
DPCT1049,lulesh,/home/parallels/Documents/oneAPI_project/oneAPI-DirectProgramming-training/lulesh/dpcpp/lulesh.dp.cpp,2588
DPCT1049,lulesh,/home/parallels/Documents/oneAPI_project/oneAPI-DirectProgramming-training/lulesh/dpcpp/lulesh.dp.cpp,2602
DPCT1049,lulesh,/home/parallels/Documents/oneAPI_project/oneAPI-DirectProgramming-training/lulesh/dpcpp/lulesh.dp.cpp,2641
DPCT1049,lulesh,/home/parallels/Documents/oneAPI_project/oneAPI-DirectProgramming-training/lulesh/dpcpp/lulesh.dp.cpp,2713
DPCT1049,lulesh,/home/parallels/Documents/oneAPI_project/oneAPI-DirectProgramming-training/lulesh/dpcpp/lulesh.dp.cpp,2728
DPCT1049,lulesh,/home/parallels/Documents/oneAPI_project/oneAPI-DirectProgramming-training/lulesh/dpcpp/lulesh.dp.cpp,2768
DPCT1049,lulesh,/home/parallels/Documents/oneAPI_project/oneAPI-DirectProgramming-training/lulesh/dpcpp/lulesh.dp.cpp,2815
DPCT1049,lulesh,/home/parallels/Documents/oneAPI_project/oneAPI-DirectProgramming-training/lulesh/dpcpp/lulesh.dp.cpp,2832
DPCT1049,lulesh,/home/parallels/Documents/oneAPI_project/oneAPI-DirectProgramming-training/lulesh/dpcpp/lulesh.dp.cpp,2895
DPCT1049,lulesh,/home/parallels/Documents/oneAPI_project/oneAPI-DirectProgramming-training/lulesh/dpcpp/lulesh.dp.cpp,2914
DPCT1049,lulesh,/home/parallels/Documents/oneAPI_project/oneAPI-DirectProgramming-training/lulesh/dpcpp/lulesh.dp.cpp,2950
DPCT1049,lulesh,/home/parallels/Documents/oneAPI_project/oneAPI-DirectProgramming-training/lulesh/dpcpp/lulesh.dp.cpp,2994
DPCT1049,lulesh,/home/parallels/Documents/oneAPI_project/oneAPI-DirectProgramming-training/lulesh/dpcpp/lulesh.dp.cpp,3067
DPCT1049,jenkins-hash,/home/parallels/Documents/oneAPI_project/oneAPI-DirectProgramming-training/jenkins-hash/dpcpp/main.dp.cpp,284
DPCT1049,bfs,/home/parallels/Documents/oneAPI_project/oneAPI-DirectProgramming-training/bfs/dpcpp/bfs.dp.cpp,159
DPCT1049,bfs,/home/parallels/Documents/oneAPI_project/oneAPI-DirectProgramming-training/bfs/dpcpp/bfs.dp.cpp,175
DPCT1065,recursiveGaussian,/home/parallels/Documents/oneAPI_project/oneAPI-DirectProgramming-training/recursiveGaussian/dpcpp/main.dp.cpp,69
DPCT1049,recursiveGaussian,/home/parallels/Documents/oneAPI_project/oneAPI-DirectProgramming-training/recursiveGaussian/dpcpp/main.dp.cpp,293
DPCT1049,recursiveGaussian,/home/parallels/Documents/oneAPI_project/oneAPI-DirectProgramming-training/recursiveGaussian/dpcpp/main.dp.cpp,317
DPCT1049,recursiveGaussian,/home/parallels/Documents/oneAPI_project/oneAPI-DirectProgramming-training/recursiveGaussian/dpcpp/main.dp.cpp,344
DPCT1049,recursiveGaussian,/home/parallels/Documents/oneAPI_project/oneAPI-DirectProgramming-training/recursiveGaussian/dpcpp/main.dp.cpp,368
DPCT1049,winograd,/home/parallels/Documents/oneAPI_project/oneAPI-DirectProgramming-training/winograd/dpcpp/main.dp.cpp,161
DPCT1010,reduction,/home/parallels/Documents/oneAPI_project/oneAPI-DirectProgramming-training/reduction/dpcpp/reduction.dp.cpp,38
DPCT1000,reduction,/home/parallels/Documents/oneAPI_project/oneAPI-DirectProgramming-training/reduction/dpcpp/reduction.dp.cpp,43
DPCT1001,reduction,/home/parallels/Documents/oneAPI_project/oneAPI-DirectProgramming-training/reduction/dpcpp/reduction.dp.cpp,48
DPCT1009,reduction,/home/parallels/Documents/oneAPI_project/oneAPI-DirectProgramming-training/reduction/dpcpp/reduction.dp.cpp,52
DPCT1039,reduction,/home/parallels/Documents/oneAPI_project/oneAPI-DirectProgramming-training/reduction/dpcpp/reduction.dp.cpp,72
DPCT1039,reduction,/home/parallels/Documents/oneAPI_project/oneAPI-DirectProgramming-training/reduction/dpcpp/reduction.dp.cpp,91
DPCT1039,reduction,/home/parallels/Documents/oneAPI_project/oneAPI-DirectProgramming-training/reduction/dpcpp/reduction.dp.cpp,110
DPCT1039,reduction,/home/parallels/Documents/oneAPI_project/oneAPI-DirectProgramming-training/reduction/dpcpp/reduction.dp.cpp,128
DPCT1039,reduction,/home/parallels/Documents/oneAPI_project/oneAPI-DirectProgramming-training/reduction/dpcpp/reduction.dp.cpp,148
DPCT1049,reduction,/home/parallels/Documents/oneAPI_project/oneAPI-DirectProgramming-training/reduction/dpcpp/reduction.dp.cpp,207
DPCT1049,reduction,/home/parallels/Documents/oneAPI_project/oneAPI-DirectProgramming-training/reduction/dpcpp/reduction.dp.cpp,243
DPCT1049,reduction,/home/parallels/Documents/oneAPI_project/oneAPI-DirectProgramming-training/reduction/dpcpp/reduction.dp.cpp,278
DPCT1049,reduction,/home/parallels/Documents/oneAPI_project/oneAPI-DirectProgramming-training/reduction/dpcpp/reduction.dp.cpp,313
DPCT1049,reduction,/home/parallels/Documents/oneAPI_project/oneAPI-DirectProgramming-training/reduction/dpcpp/reduction.dp.cpp,347
DPCT1049,murmurhash3,/home/parallels/Documents/oneAPI_project/oneAPI-DirectProgramming-training/murmurhash3/dpcpp/murmurhash3.dp.cpp,212
DPCT1017,lombscargle,/home/parallels/Documents/oneAPI_project/oneAPI-DirectProgramming-training/lombscargle/dpcpp/main.dp.cpp,72
DPCT1017,lombscargle,/home/parallels/Documents/oneAPI_project/oneAPI-DirectProgramming-training/lombscargle/dpcpp/main.dp.cpp,90
DPCT1049,lombscargle,/home/parallels/Documents/oneAPI_project/oneAPI-DirectProgramming-training/lombscargle/dpcpp/main.dp.cpp,195
DPCT1065,sampling,/home/parallels/Documents/oneAPI_project/oneAPI-DirectProgramming-training/sampling/dpcpp/kernels.dp.cpp,123
DPCT1049,sampling,/home/parallels/Documents/oneAPI_project/oneAPI-DirectProgramming-training/sampling/dpcpp/kernels.dp.cpp,190
DPCT1049,sampling,/home/parallels/Documents/oneAPI_project/oneAPI-DirectProgramming-training/sampling/dpcpp/kernels.dp.cpp,211
DPCT1049,nbody,/home/parallels/Documents/oneAPI_project/oneAPI-DirectProgramming-training/nbody/dpcpp/GSimulation.dp.cpp,133
DPCT1049,bezier-surface,/home/parallels/Documents/oneAPI_project/oneAPI-DirectProgramming-training/bezier-surface/dpcpp/main.dp.cpp,282
DPCT1049,qrg,/home/parallels/Documents/oneAPI_project/oneAPI-DirectProgramming-training/qrg/dpcpp/main.dp.cpp,167
DPCT1049,qrg,/home/parallels/Documents/oneAPI_project/oneAPI-DirectProgramming-training/qrg/dpcpp/main.dp.cpp,195
DPCT1049,md5hash,/home/parallels/Documents/oneAPI_project/oneAPI-DirectProgramming-training/md5hash/dpcpp/MD5Hash.dp.cpp,430
DPCT1065,d2q9-bgk,/home/parallels/Documents/oneAPI_project/oneAPI-DirectProgramming-training/d2q9-bgk/dpcpp/main.dp.cpp,310
DPCT1049,d2q9-bgk,/home/parallels/Documents/oneAPI_project/oneAPI-DirectProgramming-training/d2q9-bgk/dpcpp/main.dp.cpp,458
DPCT1032,vmc,/home/parallels/Documents/oneAPI_project/oneAPI-DirectProgramming-training/vmc/dpcpp/vmc.dp.cpp,34
DPCT1032,vmc,/home/parallels/Documents/oneAPI_project/oneAPI-DirectProgramming-training/vmc/dpcpp/vmc.dp.cpp,40
DPCT1032,vmc,/home/parallels/Documents/oneAPI_project/oneAPI-DirectProgramming-training/vmc/dpcpp/vmc.dp.cpp,50
DPCT1007,vmc,/home/parallels/Documents/oneAPI_project/oneAPI-DirectProgramming-training/vmc/dpcpp/vmc.dp.cpp,56
DPCT1065,vmc,/home/parallels/Documents/oneAPI_project/oneAPI-DirectProgramming-training/vmc/dpcpp/vmc.dp.cpp,82
DPCT1065,vmc,/home/parallels/Documents/oneAPI_project/oneAPI-DirectProgramming-training/vmc/dpcpp/vmc.dp.cpp,100
DPCT1032,vmc,/home/parallels/Documents/oneAPI_project/oneAPI-DirectProgramming-training/vmc/dpcpp/vmc.dp.cpp,166
DPCT1032,vmc,/home/parallels/Documents/oneAPI_project/oneAPI-DirectProgramming-training/vmc/dpcpp/vmc.dp.cpp,189
DPCT1032,vmc,/home/parallels/Documents/oneAPI_project/oneAPI-DirectProgramming-training/vmc/dpcpp/vmc.dp.cpp,209
DPCT1032,vmc,/home/parallels/Documents/oneAPI_project/oneAPI-DirectProgramming-training/vmc/dpcpp/vmc.dp.cpp,265
DPCT1003,vmc,/home/parallels/Documents/oneAPI_project/oneAPI-DirectProgramming-training/vmc/dpcpp/vmc.dp.cpp,270
DPCT1003,vmc,/home/parallels/Documents/oneAPI_project/oneAPI-DirectProgramming-training/vmc/dpcpp/vmc.dp.cpp,275
DPCT1003,vmc,/home/parallels/Documents/oneAPI_project/oneAPI-DirectProgramming-training/vmc/dpcpp/vmc.dp.cpp,280
DPCT1003,vmc,/home/parallels/Documents/oneAPI_project/oneAPI-DirectProgramming-training/vmc/dpcpp/vmc.dp.cpp,285
DPCT1003,vmc,/home/parallels/Documents/oneAPI_project/oneAPI-DirectProgramming-training/vmc/dpcpp/vmc.dp.cpp,290
DPCT1003,vmc,/home/parallels/Documents/oneAPI_project/oneAPI-DirectProgramming-training/vmc/dpcpp/vmc.dp.cpp,295
DPCT1003,vmc,/home/parallels/Documents/oneAPI_project/oneAPI-DirectProgramming-training/vmc/dpcpp/vmc.dp.cpp,300
DPCT1003,vmc,/home/parallels/Documents/oneAPI_project/oneAPI-DirectProgramming-training/vmc/dpcpp/vmc.dp.cpp,305
DPCT1003,vmc,/home/parallels/Documents/oneAPI_project/oneAPI-DirectProgramming-training/vmc/dpcpp/vmc.dp.cpp,310
DPCT1003,vmc,/home/parallels/Documents/oneAPI_project/oneAPI-DirectProgramming-training/vmc/dpcpp/vmc.dp.cpp,316
DPCT1003,vmc,/home/parallels/Documents/oneAPI_project/oneAPI-DirectProgramming-training/vmc/dpcpp/vmc.dp.cpp,322
DPCT1032,vmc,/home/parallels/Documents/oneAPI_project/oneAPI-DirectProgramming-training/vmc/dpcpp/vmc.dp.cpp,326
DPCT1003,vmc,/home/parallels/Documents/oneAPI_project/oneAPI-DirectProgramming-training/vmc/dpcpp/vmc.dp.cpp,407
DPCT1003,vmc,/home/parallels/Documents/oneAPI_project/oneAPI-DirectProgramming-training/vmc/dpcpp/vmc.dp.cpp,439
DPCT1003,vmc,/home/parallels/Documents/oneAPI_project/oneAPI-DirectProgramming-training/vmc/dpcpp/vmc.dp.cpp,444
DPCT1003,vmc,/home/parallels/Documents/oneAPI_project/oneAPI-DirectProgramming-training/vmc/dpcpp/vmc.dp.cpp,449
DPCT1003,vmc,/home/parallels/Documents/oneAPI_project/oneAPI-DirectProgramming-training/vmc/dpcpp/vmc.dp.cpp,454
DPCT1003,vmc,/home/parallels/Documents/oneAPI_project/oneAPI-DirectProgramming-training/vmc/dpcpp/vmc.dp.cpp,459
DPCT1003,vmc,/home/parallels/Documents/oneAPI_project/oneAPI-DirectProgramming-training/vmc/dpcpp/vmc.dp.cpp,464
DPCT1003,vmc,/home/parallels/Documents/oneAPI_project/oneAPI-DirectProgramming-training/vmc/dpcpp/vmc.dp.cpp,469
DPCT1003,vmc,/home/parallels/Documents/oneAPI_project/oneAPI-DirectProgramming-training/vmc/dpcpp/vmc.dp.cpp,474
DPCT1003,vmc,/home/parallels/Documents/oneAPI_project/oneAPI-DirectProgramming-training/vmc/dpcpp/vmc.dp.cpp,479
DPCT1003,vmc,/home/parallels/Documents/oneAPI_project/oneAPI-DirectProgramming-training/vmc/dpcpp/vmc.dp.cpp,484
DPCT1003,vmc,/home/parallels/Documents/oneAPI_project/oneAPI-DirectProgramming-training/vmc/dpcpp/vmc.dp.cpp,489
DPCT1065,filter,/home/parallels/Documents/oneAPI_project/oneAPI-DirectProgramming-training/filter/dpcpp/main.dp.cpp,31
DPCT1065,filter,/home/parallels/Documents/oneAPI_project/oneAPI-DirectProgramming-training/filter/dpcpp/main.dp.cpp,49
DPCT1039,filter,/home/parallels/Documents/oneAPI_project/oneAPI-DirectProgramming-training/filter/dpcpp/main.dp.cpp,58
DPCT1065,filter,/home/parallels/Documents/oneAPI_project/oneAPI-DirectProgramming-training/filter/dpcpp/main.dp.cpp,65
DPCT1065,filter,/home/parallels/Documents/oneAPI_project/oneAPI-DirectProgramming-training/filter/dpcpp/main.dp.cpp,77
DPCT1049,filter,/home/parallels/Documents/oneAPI_project/oneAPI-DirectProgramming-training/filter/dpcpp/main.dp.cpp,111
DPCT1065,stencil,/home/parallels/Documents/oneAPI_project/oneAPI-DirectProgramming-training/stencil/dpcpp/stencil_1d.dp.cpp,37
DPCT1049,flame,/home/parallels/Documents/oneAPI_project/oneAPI-DirectProgramming-training/flame/dpcpp/main.dp.cpp,180
DPCT1049,flame,/home/parallels/Documents/oneAPI_project/oneAPI-DirectProgramming-training/flame/dpcpp/main.dp.cpp,198
DPCT1049,flame,/home/parallels/Documents/oneAPI_project/oneAPI-DirectProgramming-training/flame/dpcpp/main.dp.cpp,216
DPCT1010,flame,/home/parallels/Documents/oneAPI_project/oneAPI-DirectProgramming-training/flame/dpcpp/utils.dp.cpp,82
DPCT1065,fdtd3d,/home/parallels/Documents/oneAPI_project/oneAPI-DirectProgramming-training/fdtd3d/dpcpp/FDTD3dGPU.dp.cpp,93
DPCT1065,fdtd3d,/home/parallels/Documents/oneAPI_project/oneAPI-DirectProgramming-training/fdtd3d/dpcpp/FDTD3dGPU.dp.cpp,121
DPCT1049,fdtd3d,/home/parallels/Documents/oneAPI_project/oneAPI-DirectProgramming-training/fdtd3d/dpcpp/FDTD3dGPU.dp.cpp,196
DPCT1049,simplemoc,/home/parallels/Documents/oneAPI_project/oneAPI-DirectProgramming-training/simplemoc/dpcpp/main.dp.cpp,564
DPCT1008,simplemoc,/home/parallels/Documents/oneAPI_project/oneAPI-DirectProgramming-training/simplemoc/dpcpp/init.dp.cpp,117
DPCT1049,dct8x8,/home/parallels/Documents/oneAPI_project/oneAPI-DirectProgramming-training/dct8x8/dpcpp/kernels.dp.cpp,187
DPCT1049,dct8x8,/home/parallels/Documents/oneAPI_project/oneAPI-DirectProgramming-training/dct8x8/dpcpp/kernels.dp.cpp,207
DPCT1049,testSNAP,/home/parallels/Documents/oneAPI_project/oneAPI-DirectProgramming-training/testSNAP/dpcpp/main.dp.cpp,867
DPCT1049,testSNAP,/home/parallels/Documents/oneAPI_project/oneAPI-DirectProgramming-training/testSNAP/dpcpp/main.dp.cpp,882
DPCT1049,testSNAP,/home/parallels/Documents/oneAPI_project/oneAPI-DirectProgramming-training/testSNAP/dpcpp/main.dp.cpp,898
DPCT1049,testSNAP,/home/parallels/Documents/oneAPI_project/oneAPI-DirectProgramming-training/testSNAP/dpcpp/main.dp.cpp,923
DPCT1049,testSNAP,/home/parallels/Documents/oneAPI_project/oneAPI-DirectProgramming-training/testSNAP/dpcpp/main.dp.cpp,938
DPCT1049,testSNAP,/home/parallels/Documents/oneAPI_project/oneAPI-DirectProgramming-training/testSNAP/dpcpp/main.dp.cpp,962
DPCT1049,testSNAP,/home/parallels/Documents/oneAPI_project/oneAPI-DirectProgramming-training/testSNAP/dpcpp/main.dp.cpp,987
DPCT1065,split,/home/parallels/Documents/oneAPI_project/oneAPI-DirectProgramming-training/split/dpcpp/main.dp.cpp,65
DPCT1065,split,/home/parallels/Documents/oneAPI_project/oneAPI-DirectProgramming-training/split/dpcpp/main.dp.cpp,76
DPCT1065,split,/home/parallels/Documents/oneAPI_project/oneAPI-DirectProgramming-training/split/dpcpp/main.dp.cpp,86
DPCT1065,split,/home/parallels/Documents/oneAPI_project/oneAPI-DirectProgramming-training/split/dpcpp/main.dp.cpp,115
DPCT1065,split,/home/parallels/Documents/oneAPI_project/oneAPI-DirectProgramming-training/split/dpcpp/main.dp.cpp,146
DPCT1065,split,/home/parallels/Documents/oneAPI_project/oneAPI-DirectProgramming-training/split/dpcpp/main.dp.cpp,174
DPCT1065,split,/home/parallels/Documents/oneAPI_project/oneAPI-DirectProgramming-training/split/dpcpp/main.dp.cpp,187
DPCT1049,bspline-vgh,/home/parallels/Documents/oneAPI_project/oneAPI-DirectProgramming-training/bspline-vgh/dpcpp/main.dp.cpp,255
DPCT1049,affine,/home/parallels/Documents/oneAPI_project/oneAPI-DirectProgramming-training/affine/dpcpp/main.dp.cpp,269
DPCT1049,diamond,/home/parallels/Documents/oneAPI_project/oneAPI-DirectProgramming-training/diamond/dpcpp/masking.dp.cpp,307
DPCT1065,tridiagonal,/home/parallels/Documents/oneAPI_project/oneAPI-DirectProgramming-training/tridiagonal/dpcpp/pcr_kernels.dp.cpp,59
DPCT1013,tridiagonal,/home/parallels/Documents/oneAPI_project/oneAPI-DirectProgramming-training/tridiagonal/dpcpp/pcr_kernels.dp.cpp,76
DPCT1013,tridiagonal,/home/parallels/Documents/oneAPI_project/oneAPI-DirectProgramming-training/tridiagonal/dpcpp/pcr_kernels.dp.cpp,94
DPCT1013,tridiagonal,/home/parallels/Documents/oneAPI_project/oneAPI-DirectProgramming-training/tridiagonal/dpcpp/pcr_kernels.dp.cpp,113
DPCT1013,tridiagonal,/home/parallels/Documents/oneAPI_project/oneAPI-DirectProgramming-training/tridiagonal/dpcpp/pcr_kernels.dp.cpp,120
DPCT1065,tridiagonal,/home/parallels/Documents/oneAPI_project/oneAPI-DirectProgramming-training/tridiagonal/dpcpp/pcr_kernels.dp.cpp,134
DPCT1065,tridiagonal,/home/parallels/Documents/oneAPI_project/oneAPI-DirectProgramming-training/tridiagonal/dpcpp/pcr_kernels.dp.cpp,147
DPCT1013,tridiagonal,/home/parallels/Documents/oneAPI_project/oneAPI-DirectProgramming-training/tridiagonal/dpcpp/pcr_kernels.dp.cpp,164
DPCT1013,tridiagonal,/home/parallels/Documents/oneAPI_project/oneAPI-DirectProgramming-training/tridiagonal/dpcpp/pcr_kernels.dp.cpp,170
DPCT1065,tridiagonal,/home/parallels/Documents/oneAPI_project/oneAPI-DirectProgramming-training/tridiagonal/dpcpp/pcr_kernels.dp.cpp,179
DPCT1065,tridiagonal,/home/parallels/Documents/oneAPI_project/oneAPI-DirectProgramming-training/tridiagonal/dpcpp/pcr_kernels.dp.cpp,221
DPCT1013,tridiagonal,/home/parallels/Documents/oneAPI_project/oneAPI-DirectProgramming-training/tridiagonal/dpcpp/pcr_kernels.dp.cpp,243
DPCT1013,tridiagonal,/home/parallels/Documents/oneAPI_project/oneAPI-DirectProgramming-training/tridiagonal/dpcpp/pcr_kernels.dp.cpp,249
DPCT1065,tridiagonal,/home/parallels/Documents/oneAPI_project/oneAPI-DirectProgramming-training/tridiagonal/dpcpp/pcr_kernels.dp.cpp,262
DPCT1065,tridiagonal,/home/parallels/Documents/oneAPI_project/oneAPI-DirectProgramming-training/tridiagonal/dpcpp/pcr_kernels.dp.cpp,275
DPCT1013,tridiagonal,/home/parallels/Documents/oneAPI_project/oneAPI-DirectProgramming-training/tridiagonal/dpcpp/pcr_kernels.dp.cpp,292
DPCT1013,tridiagonal,/home/parallels/Documents/oneAPI_project/oneAPI-DirectProgramming-training/tridiagonal/dpcpp/pcr_kernels.dp.cpp,298
DPCT1065,tridiagonal,/home/parallels/Documents/oneAPI_project/oneAPI-DirectProgramming-training/tridiagonal/dpcpp/pcr_kernels.dp.cpp,307
DPCT1011,tridiagonal,/home/parallels/Documents/oneAPI_project/oneAPI-DirectProgramming-training/tridiagonal/dpcpp/sweep_kernels.dp.cpp,222
DPCT1011,tridiagonal,/home/parallels/Documents/oneAPI_project/oneAPI-DirectProgramming-training/tridiagonal/dpcpp/sweep_kernels.dp.cpp,238
DPCT1011,tridiagonal,/home/parallels/Documents/oneAPI_project/oneAPI-DirectProgramming-training/tridiagonal/dpcpp/sweep_kernels.dp.cpp,254
DPCT1011,tridiagonal,/home/parallels/Documents/oneAPI_project/oneAPI-DirectProgramming-training/tridiagonal/dpcpp/sweep_kernels.dp.cpp,270
DPCT1013,tridiagonal,/home/parallels/Documents/oneAPI_project/oneAPI-DirectProgramming-training/tridiagonal/dpcpp/sweep_kernels.dp.cpp,289
DPCT1013,tridiagonal,/home/parallels/Documents/oneAPI_project/oneAPI-DirectProgramming-training/tridiagonal/dpcpp/sweep_kernels.dp.cpp,296
DPCT1013,tridiagonal,/home/parallels/Documents/oneAPI_project/oneAPI-DirectProgramming-training/tridiagonal/dpcpp/sweep_kernels.dp.cpp,303
DPCT1013,tridiagonal,/home/parallels/Documents/oneAPI_project/oneAPI-DirectProgramming-training/tridiagonal/dpcpp/sweep_kernels.dp.cpp,310
DPCT1013,tridiagonal,/home/parallels/Documents/oneAPI_project/oneAPI-DirectProgramming-training/tridiagonal/dpcpp/sweep_kernels.dp.cpp,322
DPCT1013,tridiagonal,/home/parallels/Documents/oneAPI_project/oneAPI-DirectProgramming-training/tridiagonal/dpcpp/sweep_kernels.dp.cpp,329
DPCT1013,tridiagonal,/home/parallels/Documents/oneAPI_project/oneAPI-DirectProgramming-training/tridiagonal/dpcpp/sweep_kernels.dp.cpp,336
DPCT1013,tridiagonal,/home/parallels/Documents/oneAPI_project/oneAPI-DirectProgramming-training/tridiagonal/dpcpp/sweep_kernels.dp.cpp,343
DPCT1011,tridiagonal,/home/parallels/Documents/oneAPI_project/oneAPI-DirectProgramming-training/tridiagonal/dpcpp/sweep_kernels.dp.cpp,352
DPCT1011,tridiagonal,/home/parallels/Documents/oneAPI_project/oneAPI-DirectProgramming-training/tridiagonal/dpcpp/sweep_kernels.dp.cpp,367
DPCT1065,tridiagonal,/home/parallels/Documents/oneAPI_project/oneAPI-DirectProgramming-training/tridiagonal/dpcpp/sweep_kernels.dp.cpp,534
DPCT1065,tridiagonal,/home/parallels/Documents/oneAPI_project/oneAPI-DirectProgramming-training/tridiagonal/dpcpp/cyclic_kernels.dp.cpp,66
DPCT1065,tridiagonal,/home/parallels/Documents/oneAPI_project/oneAPI-DirectProgramming-training/tridiagonal/dpcpp/cyclic_kernels.dp.cpp,76
DPCT1013,tridiagonal,/home/parallels/Documents/oneAPI_project/oneAPI-DirectProgramming-training/tridiagonal/dpcpp/cyclic_kernels.dp.cpp,94
DPCT1013,tridiagonal,/home/parallels/Documents/oneAPI_project/oneAPI-DirectProgramming-training/tridiagonal/dpcpp/cyclic_kernels.dp.cpp,113
DPCT1013,tridiagonal,/home/parallels/Documents/oneAPI_project/oneAPI-DirectProgramming-training/tridiagonal/dpcpp/cyclic_kernels.dp.cpp,120
DPCT1013,tridiagonal,/home/parallels/Documents/oneAPI_project/oneAPI-DirectProgramming-training/tridiagonal/dpcpp/cyclic_kernels.dp.cpp,146
DPCT1013,tridiagonal,/home/parallels/Documents/oneAPI_project/oneAPI-DirectProgramming-training/tridiagonal/dpcpp/cyclic_kernels.dp.cpp,152
DPCT1065,tridiagonal,/home/parallels/Documents/oneAPI_project/oneAPI-DirectProgramming-training/tridiagonal/dpcpp/cyclic_kernels.dp.cpp,166
DPCT1013,tridiagonal,/home/parallels/Documents/oneAPI_project/oneAPI-DirectProgramming-training/tridiagonal/dpcpp/cyclic_kernels.dp.cpp,182
DPCT1013,tridiagonal,/home/parallels/Documents/oneAPI_project/oneAPI-DirectProgramming-training/tridiagonal/dpcpp/cyclic_kernels.dp.cpp,190
DPCT1065,tridiagonal,/home/parallels/Documents/oneAPI_project/oneAPI-DirectProgramming-training/tridiagonal/dpcpp/cyclic_kernels.dp.cpp,203
DPCT1065,tridiagonal,/home/parallels/Documents/oneAPI_project/oneAPI-DirectProgramming-training/tridiagonal/dpcpp/cyclic_kernels.dp.cpp,253
DPCT1065,tridiagonal,/home/parallels/Documents/oneAPI_project/oneAPI-DirectProgramming-training/tridiagonal/dpcpp/cyclic_kernels.dp.cpp,263
DPCT1013,tridiagonal,/home/parallels/Documents/oneAPI_project/oneAPI-DirectProgramming-training/tridiagonal/dpcpp/cyclic_kernels.dp.cpp,281
DPCT1013,tridiagonal,/home/parallels/Documents/oneAPI_project/oneAPI-DirectProgramming-training/tridiagonal/dpcpp/cyclic_kernels.dp.cpp,288
DPCT1013,tridiagonal,/home/parallels/Documents/oneAPI_project/oneAPI-DirectProgramming-training/tridiagonal/dpcpp/cyclic_kernels.dp.cpp,314
DPCT1013,tridiagonal,/home/parallels/Documents/oneAPI_project/oneAPI-DirectProgramming-training/tridiagonal/dpcpp/cyclic_kernels.dp.cpp,320
DPCT1065,tridiagonal,/home/parallels/Documents/oneAPI_project/oneAPI-DirectProgramming-training/tridiagonal/dpcpp/cyclic_kernels.dp.cpp,334
DPCT1013,tridiagonal,/home/parallels/Documents/oneAPI_project/oneAPI-DirectProgramming-training/tridiagonal/dpcpp/cyclic_kernels.dp.cpp,350
DPCT1013,tridiagonal,/home/parallels/Documents/oneAPI_project/oneAPI-DirectProgramming-training/tridiagonal/dpcpp/cyclic_kernels.dp.cpp,358
DPCT1065,tridiagonal,/home/parallels/Documents/oneAPI_project/oneAPI-DirectProgramming-training/tridiagonal/dpcpp/cyclic_kernels.dp.cpp,371
DPCT1049,iso2dfd,/home/parallels/Documents/oneAPI_project/oneAPI-DirectProgramming-training/iso2dfd/dpcpp/iso2dfd.dp.cpp,266
DPCT1049,iso2dfd,/home/parallels/Documents/oneAPI_project/oneAPI-DirectProgramming-training/iso2dfd/dpcpp/iso2dfd.dp.cpp,280
DPCT1003,chi2,/home/parallels/Documents/oneAPI_project/oneAPI-DirectProgramming-training/chi2/dpcpp/chi2.dp.cpp,165
DPCT1003,chi2,/home/parallels/Documents/oneAPI_project/oneAPI-DirectProgramming-training/chi2/dpcpp/chi2.dp.cpp,220
DPCT1000,chi2,/home/parallels/Documents/oneAPI_project/oneAPI-DirectProgramming-training/chi2/dpcpp/chi2.dp.cpp,228
DPCT1001,chi2,/home/parallels/Documents/oneAPI_project/oneAPI-DirectProgramming-training/chi2/dpcpp/chi2.dp.cpp,234
DPCT1003,chi2,/home/parallels/Documents/oneAPI_project/oneAPI-DirectProgramming-training/chi2/dpcpp/chi2.dp.cpp,242
DPCT1000,chi2,/home/parallels/Documents/oneAPI_project/oneAPI-DirectProgramming-training/chi2/dpcpp/chi2.dp.cpp,249
DPCT1001,chi2,/home/parallels/Documents/oneAPI_project/oneAPI-DirectProgramming-training/chi2/dpcpp/chi2.dp.cpp,255
DPCT1003,chi2,/home/parallels/Documents/oneAPI_project/oneAPI-DirectProgramming-training/chi2/dpcpp/chi2.dp.cpp,266
DPCT1000,chi2,/home/parallels/Documents/oneAPI_project/oneAPI-DirectProgramming-training/chi2/dpcpp/chi2.dp.cpp,275
DPCT1001,chi2,/home/parallels/Documents/oneAPI_project/oneAPI-DirectProgramming-training/chi2/dpcpp/chi2.dp.cpp,281
DPCT1049,chi2,/home/parallels/Documents/oneAPI_project/oneAPI-DirectProgramming-training/chi2/dpcpp/chi2.dp.cpp,296
DPCT1003,chi2,/home/parallels/Documents/oneAPI_project/oneAPI-DirectProgramming-training/chi2/dpcpp/chi2.dp.cpp,313
DPCT1000,chi2,/home/parallels/Documents/oneAPI_project/oneAPI-DirectProgramming-training/chi2/dpcpp/chi2.dp.cpp,321
DPCT1001,chi2,/home/parallels/Documents/oneAPI_project/oneAPI-DirectProgramming-training/chi2/dpcpp/chi2.dp.cpp,327
